SMILES,name
CC1=CC[C@H](CC1=O)C(=C)C,"Carvone, (-)-"
CC(=O)OC1CC(CC=C1C)C(=C)C,Carvyl acetate
CCC(=O)OC1CC(CC=C1C)C(=C)C,"Carvyl propionate, (+-)-"
CC1CC(C)(C)c2c(C1(C)C)cc(c(c2)C(=O)C)C,Tonalide
CC1=CCC(CC1)(O)C(C)C,Terpinen-4-ol
CC1=CC[C@](CC1)(O)C(C)C,"4-Terpineol, (+)-"
O=C1C2(C)CCC(C1(C)C)C2,(+-)-Fenchone
OCC1=CC[C@H](CC1)C(=C)C,Perilla alcohol
CCCCC1CCC(=O)O1,gamma-Octalactone
CCCCCCCCCCCCCCCCCO,1-Heptadecanol
CCCCCCCCCCCCCCCCO,Cetyl Alcohol
OCCCCCCCCCCCCCCCCCCCCCCC,1-Tricosanol
C1COCCO1,"1,4-Dioxane"
CC(=O)C1=CC=CS1,2-Acetylthiophene
CCC(C)C1CCCCC1=O,2-sec-Butyl cyclohexanone
C1=COC(=C1)CSCC2=CC=CO2,Difurfuryl sulfide
C1C(SCC(S1)O)O,"1,4-Dithiane-2,5-diol"
CCOC1=C(C=CC(=C1)C=O)O,Ethylvanillin
CCC1=C(O)C(=O)CC1,3-Ethyl-2-hydroxy-2-cyclopenten-1-one
CC(C)(C)C1=C(C=CC(=C1)OC)O,Butylated Hydroxyanisole
CC1=CC(=O)CC(C1=O)(C)C,Ketoisophorone
C=C1CCC2OC2(CCC2C1CC2(C)C)C,"4,12,12-Trimethyl-9-methylene-5-oxatricyclo(8.2.0.04,6)dodecane"
CC1=CC2=C(C=C1)N=CC=C2,6-Methylquinoline
CC(CCCC(C)(C)O)CC=O,Hydroxycitronellal
CCOC(C)OCC,Acetal
CC(=O)C1=CC=CC=C1,Acetophenone
CC(=O)C(O)C,Acetoin
C(CCC(=O)O)CC(=O)O,Adipic Acid
CCCCCCC[C@@H]1CCC(=O)O1,(5R)-5-heptyloxolan-2-one
C=CCOC(=O)CC1=CC=CC=C1,Allyl phenylacetate
CC1=CCC(CC1)C(O)(C)C,Alpha-Terpineol
C([C@@H](C(=O)O)N)C(=O)O,L-Aspartic Acid
C1=CC=C(C=C1)C=O,Benzaldehyde
CCOC(=O)C1=CC=C(C=C1)N,Benzocaine
OC[C@H]1O[C@@H]2O[C@@H]3[C@@H](CO)O[C@@H]([C@@H]([C@H]3O)O)O[C@@H]3[C@@H](CO)O[C@@H]([C@@H]([C@H]3O)O)O[C@@H]3[C@@H](CO)O[C@@H]([C@@H]([C@H]3O)O)O[C@@H]3[C@H](O[C@H](O[C@@H]4[C@H](O[C@H](O[C@@H]5[C@H](O[C@H](O[C@H]1[C@H]([C@H]2O)O)[C@H](O)[C@H]5O)CO)[C@H](O)[C@H]4O)CO)[C@H](O)[C@H]3O)CO,GlyTouCan:G90878PD
CC1=C(C(CCC1)(C)C)C=CC(=O)C,"4-(2,6,6-Trimethyl-1-cyclohexen-1-yl)-3-buten-2-one"
CC1(C2CCC1(C(C2)O)C)C,Borneol
CN1C=NC2=C1C(=O)N(C(=O)N2C)C,Caffeine
CC1(C2CCC1(C(=O)C2)C)C,Camphor
CC(c1ccc(c(c1O)Cl)C)C,2-Chloro-6-isopropyl-m-cresol
CCCCCC/C=C\CO,
CC/C=C\CCOC(=O)C,
CC/C=C\CCOC(=O)CC1=CC=CC=C1,
CC(=CCCC(=CC=O)C)C,"3,7-Dimethylocta-2,6-Dienal"
O=CCC(CCC=C(C)C)C,Citronellal
C1=CC=C2C(=C1)C=CC(=O)O2,Coumarin
CC1=C(C(=O)CC1)O,2-Hydroxy-3-methyl-2-cyclopenten-1-one
CC(=O)OC[C@]1(O[C@H]2O[C@@H](COC(=O)C)[C@@H]([C@H]([C@@H]2OC(=O)C)OC(=O)C)OC(=O)C)O[C@H]([C@@H]([C@H]1OC(=O)C)OC(=O)C)COC(=O)C,
CCCCCC1CCCC(=O)O1,delta-Decalactone
CCCCCCC1CCCC(=O)O1,delta-UNDECALACTONE
CCCC(=O)OC(Cc1ccccc1)(C)C,"1,1-Dimethyl-2-phenylethyl butyrate"
COC(=O)C1=CC=CC=C1C(=O)OC,Dimethyl Phthalate
CSCSC,"2,4-Dithiapentane"
COc1ccc(cc1O)c1cc(=O)c2c(o1)cc(cc2O)O[C@@H]1O[C@H](CO[C@@H]2O[C@@H](C)[C@@H]([C@H]([C@H]2O)O)O)[C@H]([C@@H]([C@H]1O)O)O,Diosmin
CCOC(=O)C1=CC=CO1,Ethyl 2-furoate
CCOC(=O)CCSCC1=CC=CO1,Ethyl 3-(furfurylthio)propionate
CCOC(=O)C1C(O1)(C)C2=CC=CC=C2,Ethyl 3-methyl-3-phenylglycidate
CCCCCCCCCCCCCCC(=O)OCC,Ethyl pentadecanoate
C1CCCCCC(=O)OCCOC(=O)CCCCC1,Ethylene brassylate
C(CO)O,Ethylene Glycol
CC(OC(=O)C(Oc1ccc(cc1)C(=O)c1ccc(cc1)Cl)(C)C)C,Fenofibrate
O=C1C=C[C@]2([C@H](N1)CC[C@@H]1[C@@H]2CC[C@]2([C@H]1CC[C@@H]2C(=O)NC(C)(C)C)C)C,Finasteride
CCOCOCC,Diethoxymethane
CC1COCc2c1cc1c(c2)C(C(C1(C)C)C)(C)C,Galaxolide
CCCCCCC1CCC(=O)O1,Gamma-Decalactone
CC(=CCC/C(=C/CCC(=O)C)/C)C,
O[C@@H]1[C@@H](O[C@H]2O[C@H](C(=O)O)[C@H]([C@H]([C@@H]2O)O)O)[C@@H](O[C@@H]([C@H]1O)C(=O)O)O[C@@H]1CC[C@@]2([C@@H](C1(C)C)CC[C@@]1([C@H]2C(=O)C=C2[C@@]1(C)CC[C@@]1([C@H]2C[C@](C)(CC1)C(=O)O)C)C)C,
CCCCCCOC(=O)C(CC)C,Hexyl 2-methylbutyrate
COC(C(c1ccccc1)C)OC,2-Phenylpropionaldehyde dimethyl acetal
CCCCCCCC(=O)OCCC(C)C,3-Methylbutyl octanoate
CC=Cc1ccc(c(c1)OC)OC(=O)Cc1ccccc1,2-Methoxy-4-prop-1-enylphenyl phenylacetate
C(CC(C(=O)O)N)CN=C(N)N,DL-Arginine
OCC(C1OC(=C(C1=O)O)O)O,"D-erythro-hex-2-enonic acid, gamma-lactone"
CCC(C)C(C(=O)O)N,2-Amino-3-methylpentanoic acid
CC(C)CC(C(=O)O)N,DL-leucine
CC(C)C(C(=O)O)N,DL-valine
C=CC(OC(=O)C)(CCC=C(C)C)C,Linalyl Acetate
C=CC(OC(=O)c1ccccc1)(CCC=C(C)C)C,Linalyl benzoate
CC[C@@H](C(=O)O[C@H]1C[C@@H](C)C=C2[C@H]1[C@@H](CC[C@@H]1C[C@@H](O)CC(=O)O1)[C@H](C=C2)C)C,Lovastatin
CC1=C(C(=O)C=CO1)O,Maltol
CC1CCC(C(C1)O)C(C)C,Menthol
CC1CCC(C(C1)OC(=O)CC(C)C)C(C)C,"Butanoic acid, 3-methyl-, 5-methyl-2-(1-methylethyl)cyclohexyl ester"
CCC(C)C(=O)OC,Methyl 2-methylbutyrate
CC(=O)OC,Methyl Acetate
COC(=O)C1=CC=CC=C1,Methyl Benzoate
CCCCCCCCCCCC(=O)OC,Methyl Laurate
CC(=O)CCC1=CC2=C(C=C1)C=C(C=C2)OC,Nabumetone
CC(=CCOC(=O)C(C)C)CCC=C(C)C,"Propanoic acid, 2-methyl-, (2E)-3,7-dimethyl-2,6-octadienyl ester"
CCCCCCCC(C)O,2-Nonanol
O=C1CC(C)C2(C(=C1)CCC(C2)C(=C)C)C,Nookatone
OC1CCC(O)C(O)CC(=O)CC(O)C(C(=O)O)C(O)CC(/C=C/C=C/C=C/C=C/CC/C=C/C=C/C(C(C(C(OC(=O)CC(CC(C1)O)O)C)C)O)C)O[C@@H]1O[C@H](C)[C@H]([C@@H]([C@@H]1O)N)O,
CCCCC(COC(=O)c1ccccc1O)CC,2-Ethylhexyl salicylate
CCCCCN,Pentylamine
C1=CC=C2C(=C1)C=CC3=CC=CC=C32,Phenanthrene
C1=CC=C(C=C1)CCOC(=O)C2=CC=CC=C2,Phenethyl Benzoate
C1CCN(CC1)C(=O)/C=C/C=C/C2=CC3=C(C=C2)OCO3,
OCCOC(C1OCC(C1OCCO)OCCO)COCCOC(=O)CCCCCCCCCCC,"2-(2-(3,4-Bis(2-hydroxyethoxy)tetrahydro-2-furanyl)-2-(2-hydroxyethoxy)ethoxy)ethyl dodecanoate"
O=C1CC[C@]2(C(=C1)CC[C@@H]1[C@@H]2CC[C@]2([C@H]1CC[C@@H]2C(=O)C)C)C,Progesterone
CCC=O,Propanal
C1=CC=NC=C1,Pyridine
CCCCCCCCCCCCCC(=O)OCC(CO)O,Glyceryl Myristate
CCOC(=O)[C@@H](N[C@H](C(=O)N1[C@H]2CCC[C@H]2C[C@H]1C(=O)O)C)CCc1ccccc1,Ramipril
COc1ccc2c(c1)[nH]c1c2CCN2[C@@H]1C[C@H]1[C@@H](C2)C[C@H]([C@@H]([C@H]1C(=O)OC)OC)OC(=O)c1cc(OC)c(c(c1)OC)OC,Reserpine
CCC(C)(C)C(=O)OC1CC(C=C2C1C(C(C=C2)C)CCC3CC(CC(=O)O3)O)C,"8-(2-(4-Hydroxy-6-oxotetrahydro-2H-pyran-2-yl)ethyl)-3,7-dimethyl-1,2,3,7,8,8a-hexahydro-1-naphthalenyl 2,2-dimethylbutanoate"
CCCCCCCCCCCCCCCCCC(=O)OCC([C@H]1OC[C@H]([C@@H]1O)O)O,Glycomul S
O=CC[C@H]1C[C@@H](C)[C@H](/C=C/C=C/C[C@H](OC(=O)C[C@H]([C@@H]([C@H]1OC1OC(C)C(C(C1O)N(C)C)OC1OC(C)C(C(C1)(C)O)O)OC)O)C)OC1CCC(C(O1)C)N(C)C,
C/C(=C\CC/C=C(/CC/C=C(/CCC=C(C)C)\C)\C)/CC/C=C(/CCC=C(C)C)\C,
CCCCCCCCCCCCCCCCCC(=O)O,Stearic Acid
C(CC(=O)O)C(=O)O,Succinic Acid
C(C1C(C(C(C(O1)OC2(C(C(C(O2)CO)O)O)CO)O)O)O)O,Hex-2-ulofuranosyl hexopyranoside
COc1c(OC)ncnc1NS(=O)(=O)c1ccc(cc1)N,Sulfadoxine
COc1cnc(nc1)NS(=O)(=O)c1ccc(cc1)N,Sulfameter
COc1ccc(nn1)NS(=O)(=O)c1ccc(cc1)N,Sulfamethoxypyridazine
C1=CC(=CC=C1N)S(=O)(=O)N,Sulfanilamide
CCCCCCCCN[C@@H]([C@H](c1ccc(cc1)SC(C)C)O)C,Suloctidil (USAN/INN)
CCN1CCCC1CNC(=O)C2=C(C=CC(=C2)S(=O)(=O)N)OC,Sulpiride
Clc1ccc(c(c1)Cl)[C@]1(OC[C@@H](O1)COc1ccc(cc1)N1CCN(CC1)C(C)C)Cn1cncn1,Terconazole
CC1CC(C2=C(C1(C)C)C=C(C(=C2)C(=O)C)C)(C)C,Tonalide
C/C(=C\C)/C(=O)O,
C1=CC=C(C=C1)/C=C/C(=O)O,
CCCCCCC=CC=CC=O,"Undeca-2,4-dienal"
CC(=O)OCC(COC(=O)C)OC(=O)C,Triacetin
C(CCC)OC(C(C(O)(C(=O)OCCCC)CC(=O)OCCCC)C(C)=O)=O,Citroflex A-4
CCCC(=O)OCC(COC(=O)CCC)OC(=O)CCC,Tributyrin
C(COCCOCCO)O,Triethylene Glycol
CCCCCCCCCCC(=O)O,Undecanoic Acid
CC1CCC=C2C1(CC(CC2)C(=C)C)C,"4a,5-Dimethyl-3-(prop-1-en-2-yl)-1,2,3,4,4a,5,6,7-octahydronaphthalene"
COC1=C(C=CC(=C1)C=O)O,Vanillin
BrBr,Bromine
C#C,Acetylene
C#CC=O,Propynal
C#N,Hydrogen Cyanide
C(=C(Cl)Cl)(Cl)Cl,Tetrachloroethylene
C(=C(Cl)Cl)Cl,Trichloroethylene
C(=CC(=O)O)C(=O)O,2-Butenedioic acid
C(=CCl)Cl,"1,2-Dichloroethylene"
C(=O)(C(Cl)(Cl)Cl)O,Trichloroacetic Acid
C(=O)(Cl)Cl,Phosgene
C(=O)(N)N,Urea
C(=O)(OC(Cl)(Cl)Cl)Cl,Diphosgene
C(=O)C(Cl)(Cl)Cl,Chloral
C(=O)O,Formic Acid
C(=S)=S,Carbon Disulfide
C(Br)(Br)Br,Bromoform
C(C(=O)O)(Cl)Cl,Dichloroacetic Acid
C(C(=O)O)Cl,Chloroacetic Acid
C(C(C(C(C(CO)O)O)O)O)O,Hexitol
C(C(C(C(CO)O)O)O)O,Pentitol
C(C(C(C(F)(F)F)(F)F)(F)F)(C(C(F)(F)F)(F)F)(F)F,Perfluorohexane
C(C(C(CO)O)O)O,"Butane-1,2,3,4-Tetrol"
C(C(Cl)(Cl)Cl)(O)O,Chloral Hydrate
C(C(Cl)Cl)(Cl)Cl,"1,1,2,2-Tetrachloroethane"
C(C(CO)(CO)CO)O,Pentaerythritol
C(C(CO)O)O,Glycerol
C(C1C(C(C(C(O1)OC(C(CO)O)C(C(CO)O)O)O)O)O)O,"D-Glucitol, 4-O-beta-D-galactopyranosyl-"
C(C1C(C(C(C(O1)OCC(C(C(C(CO)O)O)O)O)O)O)O)O,1-O-Hexopyranosylhexitol
C(C1C(C(C(O1)(CO)O)O)O)O,"2,5-Bis(hydroxymethyl)oxolane-2,3,4-triol"
C(CC(=O)O)CO,4-Hydroxybutyric Acid
C(CC(C(=O)O)N)CNC(=O)N,"Citrulline, (+-)-"
C(CCl)Cl,"1,2-Dichloroethane"
C(CCl)SCCCl,Sulfur Mustard
C(Cl)(Cl)Cl,Chloroform
C(CO)C(CO)O,"1,2,4-Butanetriol"
C(CO)NCCO,Diethanolamine
C(CS)S,"1,2-Ethanedithiol"
C(F)(Cl)(Cl)Cl,Trichlorofluoromethane
C(F)(F)(F)F,Carbon tetrafluoride
C(I)(I)I,Iodoform
C/C(CO)=C\CCC3(C)C1CC2C(C1)C23C,
C/C=C/C=O,
C=C,Ethylene
C=C(Cl)Cl,Vinylidene chloride
C=C1CCC2CC1C2(C)C,Beta-Pinene
C=CC#N,Acrylonitrile
C=CC(=C)C,Isoprene
C=CC(=O)N,Acrylamide
C=CC(=O)O,Acrylic Acid
C=CC(=O)OCC(C)C,Isobutyl acrylate
C=CC(CCC=C(C)C)(O)C,Linalool
C=CC=C,"1,3-Butadiene"
C=CC=O,Acrolein
C=CC1=CC=CC=C1,Styrene
C=CC1CCCCC1,Vinylcyclohexane
C=CCC1=CC2=C(C=C1)OCO2,Safrole
C=CCCl,Allyl chloride
C=CCN,Allylamine
C=CCN=C=S,Allyl Isothiocyanate
C=CCO,Allyl Alcohol
C=CCS,Allyl Mercaptan
C=CCSCC=C,Diallyl Sulfide
C=CCSSCC=C,Diallyl Disulfide
C=O,Formaldehyde
C1=C(C=C(C(=C1Cl)O)Cl)Cl,"2,4,6-Trichlorophenol"
C1=C(C=C(C=C1Cl)Cl)Cl,"1,3,5-Trichlorobenzene"
C1=CC(=C(C=C1Br)Br)Br,"1,2,4-Tribromobenzene"
C1=CC(=C(C=C1Cl)Cl)O,"2,4-Dichlorophenol"
C1=CC(=C(C=C1N)Cl)Cl,"3,4-Dichloroaniline"
C1=CC(=CC(=C1)[N+](=O)[O-])C=O,3-Nitrobenzaldehyde
C1=CC(=CC(=C1)Cl)N,3-Chloroaniline
C1=CC(=CC(=C1)O)[N+](=O)[O-],3-Nitrophenol
C1=CC(=CC=C1[N+](=O)[O-])O,4-Nitrophenol
C1=CC(=CC=C1Cl)Cl,"1,4-Dichlorobenzene"
C1=CC(=CC=C1N)Cl,4-Chloroaniline
C1=CC(=CC=C1O)Cl,4-Chlorophenol
C1=CC(=O)C=CC1=O,Quinone
C1=CC=C(C(=C1)[N+](=O)[O-])O,2-Nitrophenol
C1=CC=C(C(=C1)Br)Br,"1,2-Dibromobenzene"
C1=CC=C(C(=C1)C(=O)O)C(=O)O,Phthalic Acid
C1=CC=C(C(=C1)C=O)[N+](=O)[O-],2-Nitrobenzaldehyde
C1=CC=C(C(=C1)C=O)O,Salicylaldehyde
C1=CC=C(C(=C1)Cl)Cl,"1,2-Dichlorobenzene"
C1=CC=C(C(=C1)CO)O,Salicyl Alcohol
C1=CC=C(C(=C1)N)Cl,2-Chloroaniline
C1=CC=C(C(=C1)O)Br,2-Bromophenol
C1=CC=C(C(=C1)O)Cl,2-Chlorophenol
C1=CC=C(C(=C1)O)I,2-Iodophenol
C1=CC=C(C=C1)[N+](=O)[O-],Nitrobenzene
C1=CC=C(C=C1)Br,Bromobenzene
C1=CC=C(C=C1)C(=O)CBr,Phenacyl bromide
C1=CC=C(C=C1)C(=O)CCl,2-Chloroacetophenone
C1=CC=C(C=C1)C(=O)Cl,Benzoyl chloride
C1=CC=C(C=C1)C=CC=O,3-Phenylprop-2-Enal
C1=CC=C(C=C1)C=CCO,3-Phenylprop-2-En-1-Ol
C1=CC=C(C=C1)CC(=O)O,Phenylacetic Acid
C1=CC=C(C=C1)CC2=CC=CC=C2,Diphenylmethane
C1=CC=C(C=C1)CCCO,Benzenepropanol
C1=CC=C(C=C1)CCl,Benzyl Chloride
C1=CC=C(C=C1)CCO,2-Phenylethanol
C1=CC=C(C=C1)Cl,Chlorobenzene
C1=CC=C(C=C1)COC(=O)C2=CC=CC=C2,Benzyl Benzoate
C1=CC=C(C=C1)CS,Benzyl mercaptan
C1=CC=C(C=C1)CSCC2=CC=CC=C2,Dibenzyl sulfide
C1=CC=C(C=C1)I,Iodobenzene
C1=CC=C(C=C1)N,Aniline
C1=CC=C(C=C1)N=C=S,Phenyl Isothiocyanate
C1=CC=C(C=C1)N=O,Nitrosobenzene
C1=CC=C(C=C1)NC2=CC=CC=C2,Diphenylamine
C1=CC=C(C=C1)O,Phenol
C1=CC=C(C=C1)OC2=CC=CC=C2,Diphenyl Ether
C1=CC=C(C=C1)S,Thiophenol
C1=CC=C(C=C1)SC2=CC=CC=C2,Diphenyl sulfide
C1=CC=C2C(=C1)C=CC=C2N,1-Naphthylamine
C1=CC=C2C(=C1)C=CC=C2O,1-Naphthol
C1=CC=C2C(=C1)C=CC=N2,Quinoline
C1=CC=C2C(=C1)C=CN2,Indole
C1=CC=C2C=C(C=CC2=C1)N,2-Naphthylamine
C1=CC=C2C=C(C=CC2=C1)O,2-Naphthol
C1=CC=C2C=CC=CC2=C1,Naphthalene
C1=CC=CC=C1,Benzene
C1=CC2C(C1)C1C=CC2C1,Dicyclopentadiene
C1=COC(=C1)C=O,Furfural
C1C(O1)C2=CC=CC=C2,Styrene Oxide
C1C=CC=C1,Cyclopentadiene
C1C=CC2=CC=CC=C21,Indene
C1C=CC2C1C3CC2C=C3,Dicyclopentadiene
C1CCC(=O)C1,Cyclopentanone
C1CCC(=O)CC1,Cyclohexanone
C1CCC(C1)O,Cyclopentanol
C1CCC(CC1)O,Cyclohexanol
C1CCC=CC1,Cyclohexene
C1CCCCC1,Cyclohexane
C1CCCCCCC(=O)OCCCCCC1,Oxacyclopentadecan-2-one
C1CCCCCCC1,Cyclooctane
C1CCCO1,Tetrahydrofuran
C1CCNC1,Pyrrolidine
C1CCNCC1,Piperidine
C1CCSC1,Tetrahydrothiophene
C1CN2CC3=CCOC4CC(=O)N5C6C4C3CC2C61C7=CC=CC=C75,Strychnin
C1CNC=C1,Pyrroline
C1CO1,Ethylene Oxide
C1COCCN1,Morpholine
C1COCO1,"1,3-Dioxolane"
C1OC2=C(O1)C=C(C=C2)C=O,Piperonal
CC,Ethane
CC#CC,Dimethylacetylene
CC#N,Acetonitrile
CC(=C)C,Isobutylene
CC(=C)C(=O)OC,Methyl Methacrylate
CC(=C)C=O,Methacrolein
CC(=C)C1=CC=CC=C1,Alpha-Methylstyrene
CC(=C)C1CC2=C(O1)C=CC3=C2OC4COC5=CC(=C(C=C5C4C3=O)OC)OC,5'beta-Rotenone
CC(=C)C1CCCCC1,(Prop-1-en-2-yl)cyclohexane
CC(=CC(=O)C)C,Mesityl oxide
CC(=CCCC(=CCO)C)C,"3,7-Dimethyl-2,6-octadienol"
CC(=CCCC(=O)C)C,6-Methyl-5-hepten-2-one
CC(=CCCC(C)(C=C)O)C,Linalool
CC(=O)C,Acetone
CC(=O)C(=O)C,Butanedione
CC(=O)C(C)(C)C,Pinacolone
CC(=O)C(C)C,3-Methyl-2-butanone
CC(=O)CC(=O)C,Acetylacetone
CC(=O)CC(C)(C)O,Diacetone Alcohol
CC(=O)CC(O)(C)C,Diacetone Alcohol
CC(=O)Cl,Acetyl chloride
CC(=O)N,Acetamide
CC(=O)N(C)C,Dimethylacetamide
CC(=O)N(C)C1=CC=CC=C1,N-Methylacetanilide
CC(=O)NC1=CC=CC=C1,Acetanilide
CC(=O)O,Acetic Acid
CC(=O)OC(=O)C,Acetic Anhydride
CC(=O)OC(C)(C)C,tert-Butyl acetate
CC(=O)OC=C,Vinyl Acetate
CC(=O)OC1=CC=CC=C1,Phenyl acetate
CC(=O)OC1CC2CCC1(C2(C)C)C,"Acetic acid 1,7,7-trimethyl-bicyclo(2.2.1)hept-2-yl ester"
CC(=O)OCC1=CC=CC=C1,Benzyl acetate
CC(=O)OCCOC,Ethylene glycol monomethyl ether acetate
CC(=O)OCCOC(=O)C,Ethylene glycol diacetate
CC(=O)SC,S-Methyl thioacetate
CC(C(=O)O)C,Isobutyric Acid
CC(C(=O)OC)O,Methyl Lactate
CC(C(C)C)C,"2,3-Dimethylbutane"
CC(C(Cl)(Cl)Cl)O,"1,1,1-Trichloro-2-propanol"
CC(C)(C)O,tert-Butanol
CC(C)(C)S,tert-Butyl mercaptan
CC(C)C,Isobutane
CC(C)C(=O)C,3-Methyl-2-butanone
CC(C)C(=O)O,Isobutyric Acid
CC(C)C(C(=O)NC(=O)N)Br,Bromovalerylurea
CC(C)C=CCCCCC(=O)NCC1=CC(=C(C=C1)O)OC,N-((4-hydroxy-3-methoxyphenyl)methyl)-8-methylnon-6-enamide
CC(C)C=O,Isobutyraldehyde
CC(C)C1=CC=CC=C1,Cumene
CC(C)CC(=O)C,Methyl Isobutyl Ketone
CC(C)CC(=O)CC(C)C,Isobutyl ketone
CC(C)CC(=O)O,Isovaleric Acid
CC(C)CC(=O)OC,Methyl isovalerate
CC(C)CC(=O)OCC(C)C,Isobutyl isovalerate
CC(C)CC(C)C,"2,4-Dimethylpentane"
CC(C)CC(C)O,4-Methyl-2-Pentanol
CC(C)CC(C)OC(=O)C,4-Methyl-2-pentyl acetate
CC(C)CC=O,3-Methylbutanal
CC(C)CCC(=O)C,5-Methyl-2-hexanone
CC(C)CCC(=O)O,Isocaproic acid
CC(C)CCO,Isoamyl Alcohol
CC(C)CCOC(=O)C,Isoamyl Acetate
CC(C)CCOC(=O)CC(C)C,Isoamyl isovalerate
CC(C)CCS,Isoamyl mercaptan
CC(C)CCSCCC(C)C,"Butane, 1,1'-thiobis[3-methyl-"
CC(C)Cl,2-Chloropropane
CC(C)CO,Isobutanol
CC(C)COC(=O)C,Isobutyl Acetate
CC(C)COC(=O)C(C)C,Isobutyl isobutyrate
CC(C)COC(=O)C=C,Isobutyl acrylate
CC(C)COCCO,"Ethanol, 2-(2-methylpropoxy)-"
CC(C)CS,Isobutyl mercaptan
CC(C)N,Isopropylamine
CC(C)NC(C)C,Diisopropylamine
CC(C)O,Isopropanol
CC(C)OC(=O)C,Isopropyl Acetate
CC(C)OC(C)C,Diisopropyl Ether
CC(C)S,2-Propanethiol
CC(C)SC(C)C,Diisopropyl sulfide
CC(C1=CC=CC=C1)OC(=O)C,1-Phenylethyl Acetate
CC(CC(=O)C)C,Methyl Isobutyl Ketone
CC(CC(=O)O)C,Isovaleric Acid
CC(CC(=O)O)O,3-Hydroxybutyric Acid
CC(CC(C)(C)C)C,"2,2,4-Trimethylpentane"
CC(CCC(=O)C)C,5-Methyl-2-hexanone
CC(CCC(C)(C)C)C,"2,2,5-Trimethylhexane"
CC(CCC=C(C)C)CC=O,Citronellal
CC(CCC=C(C)C)CCO,Citronellol
CC(CCl)Cl,"1,2-Dichloropropane"
CC(Cl)(Cl)Cl,"1,1,1-Trichloroethane"
CC(CN)N,Propylenediamine
CC(CN)O,1-Amino-2-propanol
CC(CNCC(C)O)O,Diisopropanolamine
CC(CO)O,Propylene Glycol
CC(COC(=O)C(C)C)C,Isobutyl isobutyrate
CC(N)(C)C,Tert-Butylamine
CC(O)(C)C,tert-Butanol
CC(O)C,Isopropanol
CC(OC(=O)C(C)C)C,Isopropyl isobutyrate
CC(OC(C)C)C,Diisopropyl Ether
CC(S)(C)C,tert-Butyl mercaptan
CC(S)C,2-Propanethiol
CC=C,Propylene
CC=C1CC2CC1C=C2,Ethylidenenorbornene
CC=CC,But-2-ene
CC=CC=CC=O,"Hexa-2,4-dienal"
CC=CC=O,But-2-enal
CC=CC1=CC=C(C=C1)OC,1-Methoxy-4-Prop-1-Enylbenzene
CC=CCCCCCCCC=O,Undec-9-enal
CC=CCS,But-2-enethiol
CC=CN=C=O,1-Isocyanato-1-propene
CC=O,Acetaldehyde
CC1(C2CCC(C2)(C1=O)C)C,(+-)-Fenchone
CC1(C2CCC(O1)(CC2)C)C,"1,8-Cineole"
CC1(CC(=O)CC(=O)C1)C,Dimedone
CC1=C(C(=C(C(=C1[N+](=O)[O-])C(C)(C)C)[N+](=O)[O-])C)[N+](=O)[O-],Musk Xylene
CC1=C(C(=C(C=C1[N+](=O)[O-])[N+](=O)[O-])C(C)(C)C)[N+](=O)[O-],"2-tert-Butyl-4-methyl-1,3,5-trinitrobenzene"
CC1=C(C(=CC=C1)C)O,"2,6-Dimethylphenol"
CC1=C(C(=CC=C1)O)C,"2,3-Dimethylphenol"
CC1=C(C=C(C(=C1[N+](=O)[O-])OC)C(C)(C)C)[N+](=O)[O-],Musk ambrette
CC1=C(C=C(C=C1)C(C)C)O,Carvacrol
CC1=C(C=C(C=C1)Cl)N,5-Chloro-2-methylaniline
CC1=C(C=C(C=C1)O)C,"3,4-Dimethylphenol"
CC1=C(C=C(C=C1[N+](=O)[O-])[N+](=O)[O-])[N+](=O)[O-],"2,4,6-Trinitrotoluene"
CC1=C(C=CC=C1N=C=O)N=C=O,"Toluene 2,6-Diisocyanate"
CC1=CC(=C(C=C1)C(C)C)O,Thymol
CC1=CC(=C(C=C1)C)C,"1,2,4-Trimethylbenzene"
CC1=CC(=C(C=C1)C)N,"2,5-Dimethylaniline"
CC1=CC(=C(C=C1)C)O,"2,5-Dimethylphenol"
CC1=CC(=C(C=C1)O)[N+](=O)[O-],4-Methyl-2-nitrophenol
CC1=CC(=C(C=C1)O)C,"2,4-Dimethylphenol"
CC1=CC(=C(C=C1C)C)C,Durene
CC1=CC(=C(C=C1C)N)C,"2,4,5-Trimethylaniline"
CC1=CC(=CC(=C1)C)C,Mesitylene
CC1=CC(=CC(=C1)O)C,"3,5-Dimethylphenol"
CC1=CC(=CC=C1)[N+](=O)[O-],3-Nitrotoluene
CC1=CC(=CC=C1)C,M-Xylene
CC1=CC(=CC=C1)N,m-Toluidine
CC1=CC(=CC=C1)O,M-Cresol
CC1=CC(=O)CC(C1)(C)C,Isophorone
CC1=CC[C@@H](CC1)C(=C)C,(+)-Limonene
CC1=CC[C@H](CC1)C(=C)C,"Limonene, (-)-"
CC1=CC=C(C=C1)C,P-Xylene
CC1=CC=C(C=C1)C(=O)C,p-METHYLACETOPHENONE
CC1=CC=C(C=C1)C(=O)C2=CC(=C(C(=C2)O)O)[N+](=O)[O-],Tolcapone
CC1=CC=C(C=C1)C(C)C,P-Cymene
CC1=CC=C(C=C1)N,p-Toluidine
CC1=CC=C(C=C1)N(C)C,Dimethyl-p-toluidine
CC1=CC=C(C=C1)O,P-Cresol
CC1=CC=C(C=C1)OC,4-Methylanisole
CC1=CC=C(C=C1)OC(=O)C,4-Methylphenyl acetate
CC1=CC=C(C=C1)S,4-Methylbenzenethiol
CC1=CC=C(CC1)C(C)C,Alpha-Terpinene
CC1=CC=CC=C1,Toluene
CC1=CC=CC=C1Br,2-Bromotoluene
CC1=CC=CC=C1C,O-Xylene
CC1=CC=CC=C1C(C)C,O-Cymene
CC1=CC=CC=C1Cl,2-Chlorotoluene
CC1=CC=CC=C1I,2-Iodotoluene
CC1=CC=CC=C1N,O-Toluidine
CC1=CC=CC=C1N(C)C,"N,N,2-Trimethylaniline"
CC1=CC=CC=C1O,O-Cresol
CC1=CC=CC=N1,2-Methylpyridine
CC1=CCC(=CC1)C(C)C,Gamma-Terpinene
CC1=CCC(CC1)C(=C)C,1-Methyl-4-Prop-1-En-2-Ylcyclohexene
CC1=CCC(CC1)C(C)(CCC=C(C)C)O,"alpha,4-Dimethyl-alpha-(4-methyl-3-penten-1-yl)-3-cyclohexene-1-methanol"
CC1=CCC(CC1=O)C(=C)C,"Carvone, (+-)-"
CC1=CCC2C(C1)C2(C)C,3-Carene
CC1=CCC2CC1C2(C)C,(+-)-alpha-Pinene
CC1=CCCC(C1C=CC(=O)C)(C)C,Ionone
CC1=CNC2=CC=CC=C12,Skatole
CC12CCC(CC1)C(O2)(C)C,"1,8-Cineole"
CC12CCC3C(C1CC=C2)CCC4=C3C=CC(=C4)O,"13-Methyl-6,7,8,9,11,12,14,15-octahydrocyclopenta[a]phenanthren-3-ol"
CC12CCC3C(C1CC=C2)CCC4=CC(=O)CCC34C,"10,13-Dimethyl-1,2,6,7,8,9,11,12,14,15-decahydrocyclopenta[a]phenanthren-3-one"
CC12CCC3C(C1CC=C2)CCC4C3(CCC(=O)C4)C,5alpha-Androstenone
CC12CCC3C(C1CC=C2)CCC4C3(CCC(C4)O)C,Androst-16-en-3-ol
CC1C(C)CCC(C1C)C,"1,2,3,4-Tetramethylcyclohexane"
CC1C[NH]C2C1CCCC2,3-methyl-octahydro-1H-indole
CC1C2CC2(CC1=O)C(C)C,3-Thujanone
CC1CCC(=C(C)C)C(=O)C1,p-Menth-4(8)-en-3-one
CC1CCC(CC1)C,"1,4-Dimethylcyclohexane"
CC1CCC(CC1)C(C)C,1-Methyl-4-isopropylcyclohexane
CC1CCC(CC1)O,4-Methylcyclohexanol
CC1CCCC(C1)C,"1,3-Dimethylcyclohexane"
CC1CCCC(C1)O,3-Methylcyclohexanol
CC1CCCC1,Methylcyclopentane
CC1CCCCC1,Methylcyclohexane
CC1CCCCC1C,"1,2-Dimethylcyclohexane"
CC1CCCCC1O,2-Methylcyclohexanol
CC1CO1,Propylene Oxide
CC1OC(OC(O1)C)C,Paraldehyde
CCBr,Ethyl Bromide
CCC,Propane
CCC(=O)C,Methyl Ethyl Ketone
CCC(=O)C(=O)C,"2,3-Pentanedione"
CCC(=O)CC,Ethyl ketone
CCC(=O)O,Propionic Acid
CCC(=O)OC,Methyl propionate
CCC(=O)OC(C)C,Isopropyl propionate
CCC(=O)OCC,Ethyl Propionate
CCC(=O)OCC(C)C,Isobutyl propionate
CCC(=O)OCCC(C)C,Isoamyl propionate
CCC(C(=O)C)C,3-Methylpentan-2-One
CCC(C(C)C)C,"2,3-Dimethylpentane"
CCC(C)(C)C,"2,2-Dimethylbutane"
CCC(C)(C)O,2-Methyl-2-butanol
CCC(C)(C)S,tert-Amylthiol
CCC(C)C,Isopentane
CCC(C)C(=O)O,2-Methylbutanoic Acid
CCC(C)C=CCCCCC(=O)NCC1=CC(=C(C=C1)O)OC,N-[(4-hydroxy-3-methoxyphenyl)methyl]-8-methyldec-6-enamide
CCC(C)CO,2-Methyl-1-butanol
CCC(C)O,(+-)-2-Butanol
CCC(C)S,2-Butanethiol
CCC(C=C)O,1-Penten-3-Ol
CCC(CC)C,3-Methylpentane
CCC(CC)CC,3-Ethylpentane
CCC(CC)CO,2-Ethyl-1-butanol
CCC(CN)(CC)O,3-(Aminomethyl)pentan-3-ol
CCC(N)C,Sec-Butylamine
CCC(O)(C)C,2-Methyl-2-butanol
CCC(O)C,(+-)-2-Butanol
CCC(OC(=O)C)C,Sec-Butyl acetate
CCC(S)C,2-Butanethiol
CCC[N+](=O)[O-],1-Nitropropane
CCC=C,1-Butene
CCC=CC=CC=O,"Hepta-2,4-dienal"
CCC=CCC=O,Hex-3-enal
CCC=CCCC=CC=O,"2,6-Nonadienal"
CCC1(C(=O)NC(=O)NC1=O)C1CCCCC1,Cyclohexyl-5-ethyl-barbituric acid
CCC1=CC=CC=C1,Ethylbenzene
CCC1=CN=C(C=C1)C,5-Ethyl-2-methylpyridine
CCC1CCC(CC1)C,1-Ethyl-4-methylcyclohexane
CCC1CCC(CC1)CC,Diethylcyclohexane
CCC1CCC(NC1)C,5-Ethyl-2-methylpiperidine
CCC1CCCC(C1)C,1-Ethyl-3-methylcyclohexane (cis-and trans-mixture)
CCC1CCCC(C1)CC,"1,3-Diethylcyclohexane"
CCc1ccccc1,Ethylbenzene
CCC1CCCCC1C,1-Ethyl-2-methylcyclohexane
CCC1CCCCC1CC,"1,2-Diethylcyclohexane"
CCC1CO1,"1,2-Epoxybutane"
CCCC,Butane
CCCC(=O)C,2-Pentanone
CCCC(=O)O,Butyric Acid
CCCC(=O)OC,Methyl butyrate
CCCC(=O)OC(C)C,Isopropyl butyrate
CCCC(=O)OCC,Ethyl butyrate
CCCC(=O)OCC(C)C,Isobutyl butyrate
CCCC(=O)OCCC,Propyl butyrate
CCCC(=O)OCCC(C)C,Isoamyl butyrate
CCCC(C)(C)C,"2,2-Dimethylpentane"
CCCC(C)C,2-Methylpentane
CCCC(C)C=O,2-Methylpentaldehyde
CCCC(C)CO,2-Methyl-1-pentanol
CCCC(CC)C,3-Methylhexane
CCCC(CCC)C,4-Methylheptane
CCCC(CCC)O,4-Heptanol
CCCC(O)C,2-Pentanol
CCCC=C,1-Pentene
CCCC=CC(=O)C,Hept-3-en-2-one
CCCC=CC=CC=O,"2,a4-aOctadienal"
CCCC=CC=O,Hexenal
CCCC=O,Butanal
CCCC1CCCCC1,Propylcyclohexane
CCCCC,Pentane
CCCCC(=O)C,2-Hexanone
CCCCC(=O)O,Pentanoic Acid
CCCCC(=O)OC,Methyl valerate
CCCCC(=O)OCC,Ethyl valerate
CCCCC(=O)OCCC,Dipropyl Acetate
CCCCC(C)C,2-Methylhexane
CCCCC(C)O,2-Hexanol
CCCCC(CC)C,3-Methylheptane
CCCCC(CC)CO,2-Ethylhexanol
CCCCC(CC)COC(=O)C,2-Ethylhexyl Acetate
CCCCC(CC)COC(=O)C=C,2-Ethylhexyl acrylate
CCCCC=C,1-Hexene
CCCCC=CC=CC=O,"Nona-2,4-dienal"
CCCCC=CC=O,2-Hepten-1-al
CCCCC=O,Pentanal
CCCCc1ccccc1,Butylbenzene
CCCCC1CCCCC1,Butylcyclohexane
CCCCCC,Hexane
CCCCCC#CC,2-Octyne
CCCCCC#CC(=O)OC,Methyl 2-octynoate
CCCCCC(=O)C,2-Heptanone
CCCCCC(=O)C=CC,CID 520556
CCCCCC(=O)CC,3-Octanone
CCCCCC(=O)O,Hexanoic Acid
CCCCCC(=O)OCC,Ethyl hexanoate
CCCCCC(C)C,2-Methylheptane
CCCCCC(C=C)O,1-Octen-3-Ol
CCCCCC=C,1-Heptene
CCCCCC=CC,Oct-2-ene
CCCCCC=CC=CC=O,"Deca-2,4-dienal"
CCCCCC=CC=O,Oct-2-enal
CCCCCC=O,Hexanal
CCCCCC1=CC=CO1,2-Pentylfuran
CCCCCC1CCC(=O)O1,Gamma-Nonalactone
CCCCCC1CCCCC1,Pentylcyclohexane
CCCCCCC,Heptane
CCCCCCC#C,1-Octyne
CCCCCCC(=O)C,2-Octanone
CCCCCCC(=O)O,Heptanoic Acid
CCCCCCC(=O)OC,Methyl heptanoate
CCCCCCC(=O)OCC,Ethyl Heptanoate
CCCCCCC(C)O,2-Octanol
CCCCCCC(C)OC(=O)C,1-Methylheptyl acetate
CCCCCCC=C,1-Octene
CCCCCCC=CC=O,Non-2-enal
CCCCCCC=O,Heptanal
CCCCCCC1CCCCC1,Hexylcyclohexane
CCCCCCCC,Octane
CCCCCCCC(=O)C,2-Nonanone
CCCCCCCC(=O)O,Octanoic Acid
CCCCCCCC(=O)OCC,Ethyl octanoate
CCCCCCCC=CC=O,Dec-2-enal
CCCCCCCC=O,Octanal
CCCCCCCC1CCC(=O)O1,Gamma-undecalactone
CCCCCCCC1CCCCC1,Heptylcyclohexane
CCCCCCCCC,Nonane
CCCCCCCCC(=O)C,2-Decanone
CCCCCCCCC(=O)O,Nonanoic Acid
CCCCCCCCC(=O)OC,Methyl nonanoate
CCCCCCCCC(=O)OCC,Ethyl Nonanoate
CCCCCCCCC=O,Nonanal
CCCCCCCCC1CCCCC1,Octylcyclohexane
CCCCCCCCCC,Decane
CCCCCCCCCC(=O)C,2-Undecanone
CCCCCCCCCC(=O)O,Decanoic Acid
CCCCCCCCCC(=O)OCC,Ethyl caprate
CCCCCCCCCC(C)(C)S,2-Methylundecane-2-thiol
CCCCCCCCCC=O,Decanal
CCCCCCCCCCC,Undecane
CCCCCCCCCCC(=O)OCC,Ethyl undecanoate
CCCCCCCCCCC=O,Undecanal
CCCCCCCCCCCC,Dodecane
CCCCCCCCCCCC(=O)O,Lauric Acid
CCCCCCCCCCCC(=O)OCC,Ethyl Dodecanoate
CCCCCCCCCCCCCCCCCC(=O)OCC(CO)O,Monostearin
CCCCCCCCCCCCO,1-Dodecanol
CCCCCCCCCCCCOC(=O)C,Dodecyl acetate
CCCCCCCCCCCCS,1-Dodecanethiol
CCCCCCCCCCCl,1-Chlorodecane
CCCCCCCCCCCO,1-Undecanol
CCCCCCCCCCO,1-Decanol
CCCCCCCCCCOC(=O)C,Decyl acetate
CCCCCCCCCO,1-Nonanol
CCCCCCCCl,1-Chloroheptane
CCCCCCCCO,1-Octanol
CCCCCCCCOC(=O)C,Octyl Acetate
CCCCCCCO,Heptanol
CCCCCCCOC(=O)C,Heptyl acetate
CCCCCCO,1-Hexanol
CCCCCCOC(=O)C,Hexyl acetate
CCCCCCS,1-Hexanethiol
CCCCCl,Butyl Chloride
CCCCCO,1-Pentanol
CCCCCOC(=O)C,Amyl Acetate
CCCCCOC(=O)C1=CC=CC=C1O,Amyl Salicylate
CCCCCOC(=O)CC(C)C,"Butanoic acid, 3-methyl-, pentyl ester"
CCCCCS,1-Pentanethiol
CCCCCSCCCCC,Diamyl sulfide
CCCCI,Butyl iodide
CCCCN,Butylamine
CCCCN(CCCC)CCCC,Tributylamine
CCCCNCCCC,Dibutylamine
CCCCO,1-Butanol
CCCCOC(=O)C,Butyl Acetate
CCCCOC(=O)C(C)C,Butyl isobutyrate
CCCCOC(=O)C=C,Butyl Acrylate
CCCCOC(=O)C1=CC=CC=C1C(=O)OCCCC,Dibutyl Phthalate
CCCCOC(=O)C1=CC=CC=C1O,Butyl salicylate
CCCCOC(=O)CC,Butyl propionate
CCCCOC(=O)CC(C)C,Butyl isovalerate
CCCCOC(=O)CCC,Butyl butyrate
CCCCOC=O,Butyl Formate
CCCCOCCCC,Butyl ether
CCCCOCCO,2-Butoxyethanol
CCCCOCCOC(=O)C,Glycol monobutyl ether acetate
CCCCS,Butanethiol
CCCCSCCCC,Dibutyl sulfide
CCCl,Chloroethane
CCCN,Propylamine
CCCNCCC,Dipropylamine
CCCO,1-Propanol
CCCOC(=O)C,Propyl Acetate
CCCOC(=O)C(C)C,Propyl isobutyrate
CCCOC(=O)CC,Propyl propionate
CCCOC(=O)CCC,Propyl butyrate
CCCOC=O,Propyl formate
CCCS,Propyl mercaptan
CCCSCCC,Propyl sulfide
CCCSSCCC,Dipropyl disulfide
CCI,Iodoethane
CCl,Methyl Chloride
CCN,Ethylamine
CCN(CC)C(=O)C1CN(C2CC3=CNC4=CC=CC(=C34)C2=C1)C,"D-Lysergic acid N,N-diethylamide"
CCN(CC)C1=CC=CC=C1,"N,N-Diethylaniline"
CCN(CC)CC,Triethylamine
CCN(CC)CCO,Diethylethanolamine
CCN=C=S,Ethyl isothiocyanate
CCN1CCOCC1,Ethylmorpholine
CCNC(=O)OCC,"Carbamic acid, ethyl-, ethyl ester"
CCNC1=CC=CC=C1,N-Ethylaniline
CCNCC,Diethylamine
CCO,Ethanol
CCO[Si](OCC)(OCC)OCC,Tetraethoxysilane
CCOC(=O)C,Ethyl Acetate
CCOC(=O)C(=O)OCC,Diethyl Oxalate
CCOC(=O)C(C(C(=O)OCC)O)O,"Butanedioic acid, 2,3-dihydroxy-, diethyl ester, S-(R*,R*)-"
CCOC(=O)C(C)C,Ethyl isobutyrate
CCOC(=O)C(C)O,Ethyl Lactate
CCOC(=O)C=C,Ethyl Acrylate
CCOC(=O)C1=CC=CC=C1,Ethyl benzoate
CCOC(=O)C1=CC=CC=C1O,Ethyl Salicylate
CCOC(=O)CC,Ethyl Propionate
CCOC(=O)CC(=O)C,Ethyl Acetoacetate
CCOC(=O)CC(C)C,Ethyl isovalerate
CCOC(=O)NC1=CC=CC=C1,Ethyl N-phenylcarbamate
CCOC(=S)S,Ethyl xanthate
CCOC=O,Ethyl formate
CCOC1=CC=CC2=CC=CC=C21,1-Ethoxynaphthalene
CCOC1=CC2=CC=CC=C2C=C1,2-Ethoxynaphthalene
CCOC1CCC=CO1,"2-Ethoxy-3,4-dihydro-2H-pyran"
CCOCC,Diethyl Ether
CCOCCO,Glycol monoethyl ether
CCOCCOC(=O)C,Glycol monoethyl ether acetate
CCOCCOCCO,Diethylene Glycol Monoethyl Ether
CCOCCOCCOC(=O)C,2-(2-Ethoxyethoxy)ethyl acetate
CCS,Ethanethiol
CCSC,Ethyl methyl sulfide
CCSC(=O)C,S-Ethyl thiolacetate
CCSCC,Ethyl sulfide
CCSSCC,Diethyl disulfide
CCSSSCC,Diethyl trisulfide
ClC(=C(Cl)Cl)Cl,Tetrachloroethylene
ClC(Cl)(Cl)Cl,Carbon Tetrachloride
ClC(Cl)(F)F,Dichlorodifluoromethane
ClC(Cl)Cl,Chloroform
ClC=C(Cl)Cl,Trichloroethylene
ClCC(Cl)C,"1,2-Dichloropropane"
ClCCl,Dichloromethane
ClCl,Chlorine
CN,Methylamine
CN(C)C,Trimethylamine
CN(C)C=O,Dimethylformamide
CN(C)CCN(C)CCN(C)C,Pentamethyldiethylenetriamine
CN(C)CCO,2-(Dimethylamino)ethanol
CN=C=S,Methyl isothiocyanate
CN1C(=O)CN=C(C2=C1C=CC(=C2)[N+](=O)[O-])C3=CC=CC=C3F,Flunitrazepam
CN1C2CCC1C(C(C2)OC(=O)C3=CC=CC=C3)C(=O)OC,Methyl 3-(benzoyloxy)-8-methyl-8-azabicyclo[3.2.1]octane-2-carboxylate
CNC,Dimethylamine
CNC1=CC=CC=C1,N-Methylaniline
CNCCO,2-(Methylamino)ethanol
CO,Methanol
COC(=O)C(=C)C,Methyl Methacrylate
COC(=O)C(C)C,Methyl isobutyrate
COC(=O)C=C,Methyl Acrylate
COC(=O)C1=CC=CC=C1N,Methyl Anthranilate
COC(=O)C1=CC=CC=C1O,Methyl Salicylate
COC(=O)CCC(=O)OC,Dimethyl Succinate
COC(CC1=CC=CC=C1)OC,Phenyl acetaldehyde dimethyl acetal
COC=O,Methyl formate
COC1=C(C=CC(=C1)CC=C)O,Eugenol
COC1=C2C(=C(C(=C1)CC=C)OC)OCO2,Apiole
COC1=CC=C(C=C1)C=O,4-Methoxybenzaldehyde
COC1=CC=CC=C1,Anisole
COC1=CC=CC=C1O,Guaiacol
COC1=CC=CC=C1OC(=O)OC2=CC=CC=C2OC,Guaiacol Carbonate
COC1=CC=CC2=CC=CC=C21,1-Methoxynaphthalene
COC1=CC2=CC=CC=C2C=C1,2-Methoxynaphthalene
COCCO,2-Methoxyethanol
COCOC(=O)C1=CC=CC=C1O,Methoxymethyl salicylate
CS,Methanethiol
CSC,Dimethyl Sulfide
CSC#N,Methyl thiocyanate
CSC(=S)SC,Dimethyl trithiocarbonate
CSSC,Dimethyl Disulfide
CSSSC,Dimethyl trisulfide
N#N,Nitrogen
N(=O)[O],Nitrous Acid
NCC(C)C,Isobutylamine
NCC(N)C,Propylenediamine
NCC(O)(C)C,"2-Propanol, 1-amino-2-methyl-"
NCCN,Ethylenediamine
O=C(O)CCC(=O)OCC,Monoethyl succinate
O=C=O,Carbon Dioxide
O=CC(C)C,Isobutyraldehyde
O=CCC(C)C,3-Methylbutanal
O=COC(C)C,Isopropyl formate
O=COCC(C)C,Isobutyl formate
O=O,Oxygen
O=S=O,Sulfur Dioxide
O1CC1,Ethylene Oxide
O1CC1C1CCCCC1,2-Cyclohexyloxirane
OC(CC(C)C)CC(C)C,"2,6-Dimethyl-4-heptanol"
OC/C=C(/CCC=C(C)C)\C,
OCC(C)C,Isobutanol
OCCC(C)C,Isoamyl Alcohol
OCCC1CCCCC1,2-Cyclohexylethanol
OCCCCCCCC(C)C,Isodecanol
OCCOCC(C)C,"Ethanol, 2-(2-methylpropoxy)-"
S(Cl)Cl,Sulfur dichloride
S1CCCC1,Tetrahydrothiophene
SCC(C)C,Isobutyl mercaptan
SCCC(C)C,Isoamyl mercaptan
C1=CC(=C(C=C1[N+](=O)[O-])[N+](=O)[O-])Cl,"1-Chloro-2,4-Dinitrobenzene"
C1=CC(=C(C=C1Cl)Cl)Cl,"1,2,4-Trichlorobenzene"
C(C=O)Cl,Chloroacetaldehyde
C(CCl)O,2-Chloroethanol
C1=CC(=C(C=C1Cl)O)Cl,"2,5-Dichlorophenol"
C1=CC(=CC=C1CO)O,4-Hydroxybenzyl Alcohol
CC(C(=O)C)O,Acetoin
N,Ammonia
C1=CC=C(C(=C1)C(=O)O)N,Anthranilic Acid
C1=CC=C(C=C1)CO,Benzyl Alcohol
Br,Hydrogen Bromide
C(CCN)CCN,Cadaverine
C,Methane
C(C(=O)O)C(CC(=O)O)(C(=O)O)O,Citric Acid
Cl,Hydrochloric Acid
CC(C)C1=CC=C(C=C1)C=O,Cuminaldehyde
COC1=C(C=CC(=C1)C=C)O,4-Vinylguaiacol
C1=CC=C(C(=C1)C(=O)O)O,Salicylic Acid
C1=C(C=C(C(=C1O)O)O)C(=O)O,Gallic Acid
CC(C)[N+](=O)[O-],2-Nitropropane
S,Hydrogen Sulfide
C(CN)CN,"1,3-Propanediamine"
[SeH2],Hydrogen selenide
CC(C(=O)O)N,DL-alanine
CC(C(=O)O)O,Lactic Acid
C1CC(=O)OC2=CC=CC=C21,Dihydrocoumarin
C(CO)N,Ethanolamine
C(=O)N,Formamide
C(C1C(C(C(C(=O)O1)O)O)O)O,"Aldono-1,5-lactone"
C(C(=O)O)O,Glycolic Acid
OO,Hydrogen Peroxide
NO,Hydroxylamine
C1=CN=CN1,Imidazole
II,Iodine
CNCC(C1=CC(=C(C=C1)O)O)O,(+-)-Adrenaline
CC(=O)C=O,Methylglyoxal
C1=CC(=CN=C1)C(=O)O,Nicotinic Acid
CN1CCCC1C2=CN=CC=C2,3-(1-Methylpyrrolidin-2-yl)pyridine
[N+](=O)(O)[O-],Nitric Acid
[N-]=[N+]=O,Nitrous Oxide
CN(C)C1=CC=CC=C1,"N,N-Dimethylaniline"
O,Water
C(=O)(C(=O)O)O,Oxalic Acid
C1(=C(C(=C(C(=C1Cl)Cl)Cl)Cl)Cl)O,Pentachlorophenol
C1=CC=C(C=C1)CC(=O)C(=O)O,Phenylpyruvic acid
C1=CC=C(C=C1)CCN,Phenethylamine
OP(=O)(O)O,Phosphoric Acid
C(CCN)CN,Putrescine
C1=CC(=C(C(=C1)O)O)O,Pyrogallol
OS(=O)O,Sulfurous Acid
C(C(=O)O)S,Thioglycolic Acid
C12=C(NC(=O)N1)NC(=O)NC2=O,Uric Acid
CC1CCCC2(C1(CCCC2)O)C,"Octahydro-4,8a-dimethyl-4a(2H)-naphthol"
CNNC,"1,2-Dimethylhydrazine"
C1=C(C(=CC(=C1Cl)Cl)Cl)OCC(=O)O,Trichlorophenoxyacetic acid
C1=C(C=C(C(=C1Br)O)Br)Br,"2,4,6-Tribromophenol"
C1=CC(=C(C=C1Cl)Cl)OCC(=O)O,"(2,4-Dichlorophenoxy)Acetic Acid"
C(CS)O,2-Mercaptoethanol
C1=NNC(=N1)N,Amitrole
C1=CN=CC=C1N,4-Aminopyridine
CC1=C(C=CC(=C1)O)Cl,4-Chloro-3-methylphenol
C1=CC=C(C=C1)C2(C(=O)NC(=O)N2)C3=CC=CC=C3,Phenytoin
C1CCCN(CC1)C2=NC(=C(N=C2Cl)C(=O)N=C(N)N)N,Hexamethylene amiloride
C1=CC2=C(C(=C1)O)N=CC=C2,8-Hydroxyquinoline
CC(=O)NC1=CC=C(C=C1)O,Acetaminophen
CC(=O)NC1=NN=C(S1)S(=O)(=O)N,Acetazolamide
CCC1=C(C(=CC=C1)CC)N(COC)C(=O)CCl,Alachlor
CC(C)(C=NOC(=O)NC)SC,Aldicarb [ISO]
F[Al](F)F,Aluminum fluoride
CN1C2=C(C(=O)N(C1=O)C)NC=N2,Theophylline
CCC1(C(=O)NC(=O)NC1=O)CCC(C)C,Amobarbital
C1C2=C(C(=CC=C2)O)C(=O)C3=C1C=CC=C3O,Anthralin
CCNC1=NC(=NC(=N1)Cl)NC(C)C,Atrazine
COP(=S)(OC)SCN1C(=O)C2=CC=CC=C2N=N1,Azinphos-Methyl
C1=CC(=CC=C1C(CC(=O)O)CN)Cl,Baclofen
CC(C)(C1=CC=C(C=C1)OCC2CO2)C3=CC=C(C=C3)OCC4CO4,Bisphenol A diglycidyl ether
C1=CC=C2C3=C4C(=CC2=C1)C=CC5=C4C(=CC=C5)C=C3,Benzo[a]pyrene
CCCCOC(=O)C1=CC=CC=C1C(=O)OCC2=CC=CC=C2,Butyl Benzyl Phthalate
C1COC1=O,Beta-Propiolactone
C(C(CO)([N+](=O)[O-])Br)O,Bronopol
C[As](=O)(C)O,Dimethylarsinic Acid
CC1(CC2=C(O1)C(=CC=C2)OC(=O)NC)C,Carbofuran
C1=CC(=CC=C1CCCC(=O)O)N(CCCl)CCCl,Chlorambucil
CN(C)CCC(C1=CC=C(C=C1)Cl)C2=CC=CC=N2,(+-)-Chlorpheniramine
CCCNC(=O)NS(=O)(=O)C1=CC=C(C=C1)Cl,Chlorpropamide
CC1=C(N=CN1)CSCCNC(=NC)NC#N,Cimetidine
C1=CC2=C(C(=C(C=C2Cl)I)O)N=C1,Clioquinol
CCN(C1=CC=CC=C1C)C(=O)C=CC,Crotamiton
C1CNP(=O)(OC1)N(CCCl)CCCl,Cyclophosphamide
C1=CC2=C(C(=C1)O)C(=O)C3=C(C2=O)C=CC=C3O,"1,8-Dihydroxyanthraquinone"
C1=CC(=CC=C1N)S(=O)(=O)C2=CC=C(C=C2)N,Dapsone
CC(CC1=CC=CC=C1)N,Amphetamine
CN1C(=O)CN=C(C2=C1C=CC(=C2)Cl)C3=CC=CC=C3,Diazepam
C(Br)Br,Dibromomethane
C1=CC(=C(C(=C1)Cl)C#N)Cl,Dichlobenil
C1=CC(=C(C=C1Cl)CC2=C(C=CC(=C2)Cl)O)O,Dichlorophen
COP(=O)(OC)OC=C(Cl)Cl,Dichlorvos
C(C(CS)S)O,Dimercaprol
CNC(=O)CSP(=S)(OC)OC,Dimethoate
COC(=O)OC(=O)OC,Dimethyl dicarbonate
C1=CC=C(C=C1)C(=O)C2=CC=CC=C2,Benzophenone
CCOP(=S)(OCC)SCCSCC,Disulfoton
CN(C)C(=O)NC1=CC(=C(C=C1)Cl)Cl,Diuron
CCOC1=CC=CC=C1C(=O)N,2-Ethoxybenzamide
CCCSP(=O)(OCC)SCCC,Ethoprophos
CCOC1=CC2=C(C=C1)NC(C=C2C)(C)C,Ethoxyquin
C(CN)N,Ethylenediamine
CC(=CCCC(=CCCC(=CCO)C)C)C,a Farnesol
CC1CCC2=C3N1C=C(C(=O)C3=CC(=C2)F)C(=O)O,Flumequine
C1=C(C(=O)NC(=O)N1)F,5-Fluorouracil
C1=COC(=C1)CNC2=CC(=C(C=C2C(=O)O)S(=O)(=O)N)Cl,Furosemide
C(CC=O)CC=O,Glutaraldehyde
C(C(=O)O)NCP(=O)(O)O,Glyphosate
C1=CC(=CC=C1C(=O)O)S(=O)(=O)N(Cl)Cl,Halazone
C(C(F)(F)F)(Cl)Br,Halothane
CCCCCCC1=C(C=C(C=C1)O)O,Hexylresorcinol
C(=O)(N)NO,Hydroxyurea
C1=CN=CC=C1C(=O)NN,Isoniazid
C1=CC=C(C=C1)CC(C(=O)O)O,(+-)-3-Phenyllactic acid
CCOC(=O)CC(C(=O)OCC)SP(=S)(OC)OC,Malathion
CN(CCCl)CCCl,Mechlorethamine
CCCC(C)(COC(=O)N)COC(=O)N,Meprobamate
C1=CC(=C(C=C1N)C(=O)O)O,5-Aminosalicylic Acid
CC(=C)C(=O)O,Methacrylic Acid
COP(=O)(N)SC,Methamidophos
C1N2CN3CN1CN(C2)C3,Hexamethylenetetramine
CC(=NOC(=O)NC)SC,Methomyl
COC1=C2C(=CC3=C1OC=C3)C=CC(=O)O2,8-Methoxypsoralen
COC1=CC=C(C=C1)C(C2=CC=C(C=C2)OC)C(Cl)(Cl)Cl,Methoxychlor
COC(C(Cl)Cl)(F)F,Methoxyflurane
COP(=S)(OC)OC1=CC=C(C=C1)[N+](=O)[O-],Methyl Parathion
CC1=NC=C(N1CCO)[N+](=O)[O-],Metronidazole
CCN(CC)C(=O)C1=CC=CC(=C1)C,"N,N-diethyl-m-toluamide"
CC1=C(C(C(=C(N1)C)C(=O)OC)C2=CC=CC=C2[N+](=O)[O-])C(=O)OC,Nifedipine
C1=CC=C(C=C1)C2=NC(C(=O)NC3=C2C=C(C=C3)Cl)O,Oxazepam
C1=CC(=CC=C1C(=N)N)OCCCCCOC2=CC=C(C=C2)C(=N)N,Pentamidine
CCOC1=CC=C(C=C1)NC(=O)C,Phenacetin
CCC1(C(=O)NC(=O)NC1=O)C2=CC=CC=C2,Phenobarbital
C1=CC=C2C(=C1)C(=O)OC2(C3=CC=C(C=C3)O)C4=CC=C(C=C4)O,Phenolphthalein
CCCCC1C(=O)N(N(C1=O)C2=CC=CC=C2)C3=CC=CC=C3,Phenylbutazone
CCOP(=S)(OCC)SCSCC,Phorate
C1CNCCN1,Piperazine
CCC1(C(=O)NCNC1=O)C2=CC=CC=C2,Primidone
CCCN(CCC)S(=O)(=O)C1=CC=C(C=C1)C(=O)O,Probenecid
CC(C)OC1=CC=CC=C1OC(=O)NC,Propoxur
CCCOC(=O)C1=CC(=C(C(=C1)O)O)O,Propyl Gallate
CCC1=C(C(=NC(=N1)N)N)C2=CC=C(C=C2)Cl,Pyrimethamine
CC(=CC1C(C1(C)C)C(=O)OCC2=COC(=C2)CC3=CC=CC=C3)C,Resmethrin
C1=CC(=CC(=C1)O)O,Resorcinol
CC(CO)N,2-Aminopropanol
C1=CC=C2C(=C1)C(=O)NS2(=O)=O,Saccharin
C1=CC=C(C(=C1)C(=O)N)O,Salicylamide
C(CCCCC(=O)O)CCCC(=O)O,Sebacic Acid
C(OC(C(F)(F)F)C(F)(F)F)F,Sevoflurane
C(C(=O)O)F,Fluoroacetic acid
CC1=CC(=NC(=N1)NS(=O)(=O)C2=CC=C(C=C2)N)C,Sulfamethazine
C1=CC=NC(=C1)NS(=O)(=O)C2=CC=C(C=C2)N,Sulfapyridine
CC1=C(ON=C1C)NS(=O)(=O)C2=CC=C(C=C2)N,Sulfisoxazole
CC(C)(C)C1=NN=C(S1)N(C)C(=O)NC,Tebuthiuron
[Kr],Krypton
CN1C=NC2=C1C(=O)NC(=O)N2C,Theobromine
C1=CC=C2C(=C1)NC(=N2)C3=CSC=N3,Thiabendazole
C(CSCCO)O,Thiodiglycol
C1CN1P(=S)(N2CC2)N3CC3,Thiotepa
CN(C)C(=S)SSC(=S)N(C)C,Thiram
CC1=CC=C(C=C1)S(=O)(=O)NC(=O)NN2CCCCCC2,Tolazamide
C1=CC=C(C=C1)C2=NC3=C(N=C(N=C3N=C2N)N)N,Triamterene
C1=CC(=C(C=C1Cl)O)OC2=C(C=C(C=C2)Cl)Cl,Triclosan
C(CNCCNCCN)N,Triethylenetetramine
CCCN(CCC)C1=C(C=C(C=C1[N+](=O)[O-])C(F)(F)F)[N+](=O)[O-],Trifluralin
COC1=CC(=CC(=C1OC)OC)CC2=CN=C(N=C2N)N,Trimethoprim
CN(C)CCN(CC1=CC=CC=C1)C2=CC=CC=N2,Tripelennamine
CCOC(=O)N,"Carbamic acid, ethyl ester"
CC1=C(C(=C2C(=C1O)C3(C(=CC(=O)C(C3=O)C(=O)C)O2)C)C(=O)C)O,Usnic Acid
CC12CCC3C(C1CC(C2O)O)CCC4=C3C=CC(=C4)O,"13-Methyl-6,7,8,9,11,12,14,15,16,17-decahydrocyclopenta(a)phenanthrene-3,16,17-triol"
C1CN1C2=NC(=NC(=N2)N3CC3)N4CC4,Triethylenemelamine
C1CCC2=NN=NN2CC1,Pentylenetetrazole
C(Cl)(Cl)(Cl)Cl,Carbon Tetrachloride
CN(C)N,"1,1-Dimethylhydrazine"
CC12CCN(C1N(C3=C2C=C(C=C3)OC(=O)NC)C)C,"(3,4,8B-Trimethyl-2,3A-Dihydro-1H-Pyrrolo(2,3-B)Indol-7-Yl) N-Methylcarbamate"
NS(=O)(=O)O,Sulfamic Acid
CC(=O)C1CCC2C1(CCC3C2CCC4=CC(=O)CCC34C)C,"1-acetyl-9a,11a-dimethyl-1H,2H,3H,3aH,3bH,4H,5H,7H,8H,9H,9aH,9bH,10H,11H,11aH-cyclopenta[a]phenanthren-7-one"
CCC(=O)OC1CCC2C1(CCC3C2CCC4=CC(=O)CCC34C)C,"(10,13-Dimethyl-3-oxo-1,2,6,7,8,9,11,12,14,15,16,17-dodecahydrocyclopenta[a]phenanthren-17-yl) propanoate"
CC1=C2C=CC3=CC=CC=C3C2=C(C4=CC=CC=C14)C,"7,12-Dimethylbenz(a)anthracene"
CC1=C(C(=O)N(N1C)C2=CC=CC=C2)N(C)C,Aminopyrine
C1=C(C(=C(C(=C1Cl)Cl)Cl)O)Cl,"2,3,4,6-Tetrachlorophenol"
C(CN(CC(=O)O)CC(=O)O)N(CC(=O)O)CC(=O)O,Ethylenediaminetetraacetic Acid
C1=CC=C(C=C1)N=NC2=CC=C(C=C2)N,4-Aminoazobenzene
CNN,Methylhydrazine
C1=CC(=CC=C1C(=O)O)[N+](=O)[O-],4-Nitrobenzoic Acid
CN(C)N=O,N-Nitrosodimethylamine
CNC(=O)OC1=CC=CC2=CC=CC=C21,Carbaryl
CC(C)C1=CC(=CC=C1)OC(=O)NC,M-Cumenyl Methylcarbamate
CCOS(=O)(=O)OCC,Diethyl Sulfate
C1C(=O)NC(=O)NC1=O,Barbituric Acid
C(C(Cl)(Cl)Cl)(Cl)(Cl)Cl,Hexachloroethane
CC1(C(N2C(S1)C(C2=O)NC(=O)C(C3=CC=CC=C3)N)C(=O)O)C,"6-((2-Amino-2-phenylacetyl)amino)-3,3-dimethyl-7-oxo-4-thia-1-azabicyclo(3.2.0)heptane-2-carboxylic acid"
C1=CC(=CC=C1C(=O)O)Cl,4-Chlorobenzoic Acid
CI,Methyl iodide
C(Cl)Br,Bromochloromethane
CC#C,Propyne
C=CCl,Vinyl Chloride
C=CF,Vinyl Fluoride
C(Cl)Cl,Dichloromethane
C(F)F,Difluoromethane
C1CC1,Cyclopropane
B(F)(F)F,Boron trifluoride
CC(Cl)Cl,"1,1-Dichloroethane"
CC(F)F,"1,1-Difluoroethane"
C=C(F)F,Vinylidene fluoride
C(F)(F)Cl,Chlorodifluoromethane
C(F)(F)F,Trifluoromethane
C[N+](=O)[O-],Nitromethane
CC1CN1,2-Methylaziridine
C(F)(F)(Br)Br,Dibromodifluoromethane
C(F)(F)(F)Br,Bromotrifluoromethane
CC(C)(C)N,Tert-Butylamine
CC(F)(F)Cl,"1-Chloro-1,1-difluoroethane"
C[Pb](C)(C)C,Tetramethyllead
C[Si](C)(C)Cl,Chlorotrimethylsilane
C[Si](C)(Cl)Cl,Dichlorodimethylsilane
C[Si](Cl)(Cl)Cl,Trichloromethylsilane
CC(C)(C#N)O,Acetone Cyanohydrin
C(C(F)(F)F)Cl,"2-Chloro-1,1,1-trifluoroethane"
C=C[Si](Cl)(Cl)Cl,Vinyltrichlorosilane
CC(C)(C)C(=O)O,Pivalic acid
CC(C(=O)O)(Cl)Cl,Dalapon
C(C(Cl)(Cl)Cl)(Cl)Cl,Pentachloroethane
C(=O)(C(Cl)(Cl)Cl)Cl,Trichloroacetyl chloride
C(=O)(C(F)(F)F)O,Trifluoroacetic acid
C([N+](=O)[O-])(Cl)(Cl)Cl,Chloropicrin
C(C(Cl)(Cl)Cl)(F)(F)Cl,"1,1,1,2-Tetrachloro-2,2-difluoroethane"
C(C(F)(Cl)Cl)(F)(Cl)Cl,"1,1,2,2-Tetrachloro-1,2-difluoroethane"
C(C(F)(Cl)Cl)(F)(F)Cl,Cfc 113
C(C(F)(F)F)(F)(F)F,Hexafluoroethane
C(C(F)(F)F)(C(F)(F)F)(F)F,Perfluoropropane
C1(=C(C(C(=C1Cl)Cl)(Cl)Cl)Cl)Cl,Hexachlorocyclopentadiene
CCC(CC)(C(=O)NC(=O)N)Br,Hoggar
CC(C)C(C(C)(C)COC(=O)C(C)C)O,Texanol
C1C=CCS1(=O)=O,3-Sulfolene
CCOP(=O)(C#N)N(C)C,Tabun
CCOC(=O)CC(CC(=O)OCC)(C(=O)OCC)O,Triethyl Citrate
CC[Pb](CC)(CC)CC,Tetraethyllead
C1CCC(CC1)(O)OOC2(CCCCC2)OO,Cyclohexanone peroxide
CCOP(=O)(CC)OCC,Diethyl ethylphosphonate
CCOP(=O)(OCC)OCC,Triethyl Phosphate
CCC(C)Br,2-Bromobutane
CC(=C)C=C,Isoprene
CC(C)CN,Isobutylamine
CC(C)C#N,Isobutyronitrile
C=C(CCl)Cl,"2,3-Dichloropropene"
CC(CO)Cl,Propylene Chlorohydrin
CC(=O)C=C,Methyl vinyl ketone
CC(=O)CCl,Chloroacetone
CCC(Cl)Cl,"1,1-Dichloropropane"
C(C(Cl)Cl)Cl,"1,1,2-Trichloroethane"
C(=O)C(Cl)Cl,Dichloroacetaldehyde
C(C(=O)Cl)Cl,Chloroacetyl chloride
C(C(=O)N)Cl,Chloroacetamide
CC(=O)OO,Peracetic Acid
COC(=O)Cl,Methyl chloroformate
CC[N+](=O)[O-],Nitroethane
C(C(Br)Br)(Br)Br,"1,1,2,2-Tetrabromoethane"
CC(C)C(C)C,"2,3-Dimethylbutane"
C(C(=O)Cl)(Cl)Cl,Dichloroacetyl chloride
CN(C)C(=O)Cl,Dimethylcarbamoyl Chloride
CC1(C2CCC(C2)C1=C)C,Camphene
CC(C)(C1=CC=C(C=C1)O)C2=CC=C(C=C2)O,Bisphenol A
C1=CC=C(C=C1)[Si](C2=CC=CC=C2)(Cl)Cl,Dichlorodiphenylsilane
CC(C)(C1=CC=CC=C1)OO,Cumene Hydroperoxide
CC1=CC=C(C=C1)S(=O)(=O)NC2CCCCC2,N-Cyclohexyl-4-methylbenzenesulfonamide
CC(C)(C1=CC=CC=C1)OOC(C)(C)C2=CC=CC=C2,Dicumyl peroxide
C1=CC=C(C=C1)C(C2=CC=CC=C2)C(=O)C3C(=O)C4=CC=CC=C4C3=O,Diphacinone
C1(=C(C(=C(C(=C1Cl)Cl)Cl)Cl)Cl)[N+](=O)[O-],Quintozene
CC(C)(C)C(=O)C1C(=O)C2=CC=CC=C2C1=O,Pindone
C1=CC(=C(C(=C1)Cl)C=O)Cl,"2,6-Dichlorobenzaldehyde"
C1CCC(CC1)OC(=O)C2=CC=CC=C2C(=O)OC3CCCCC3,Dicyclohexyl phthalate
CCCCOC(=O)C1=CC=CC=C1C(=O)OC2CCCCC2,Butyl cyclohexyl phthalate
CCCCCCOC(=O)C1=CC=CC=C1C(=O)OCCCCCC,Dihexyl phthalate
C1=CC=C2C(=C1)C=CC3=C2C=CC=N3,Benzo(F)Quinoline
C1=CC=C2C(=C1)C(=O)OC2=O,Phthalic Anhydride
CCN(C1=CC=CC=C1)C(=O)N(CC)C2=CC=CC=C2,Centralite
CC(C)COC(=O)C1=CC=CC=C1O,Isobutyl salicylate
CCOC(=O)C1=CC=CC=C1N,Ethyl 2-aminobenzoate
COC1=C(C=C(C=C1Cl)Cl)Cl,"2,4,6-Trichloroanisole"
CC1=CCCC(=C)C2CC(C2CC1)(C)C,"4,11,11-Trimethyl-8-methylenebicyclo(7.2.0)undec-4-ene"
CC1=C(C(=CC=C1)N)C,"2,3-Dimethylaniline"
C1=CC(=C(C(=C1)Cl)Cl)Cl,"1,2,3-Trichlorobenzene"
CC1=C(C(=CC=C1)C)N,"2,6-Dimethylaniline"
C1=CC(=C(C(=C1)Cl)O)Cl,"2,6-Dichlorophenol"
C(=C(Cl)Cl)(C(=C(Cl)Cl)Cl)Cl,Hexachlorobutadiene
C1(=O)N(C(=O)N(C(=O)N1Cl)Cl)Cl,Trichloroisocyanuric Acid
C1=CC=C(C(=C1)C(F)(F)F)N,2-(Trifluoromethyl)aniline
CC(C)(C)C1=CC=CC=C1O,2-Tert-Butylphenol
CC1=CC=CC=C1[N+](=O)[O-],2-Nitrotoluene
C1=CC=C(C(=C1)[N+](=O)[O-])Cl,1-Chloro-2-nitrobenzene
C1=CC=C(C(=C1)N)[N+](=O)[O-],2-Nitroaniline
CCC(C)C1=C(C(=CC(=C1)[N+](=O)[O-])[N+](=O)[O-])O,Dinoseb
C1=C(C=C(C(=C1[N+](=O)[O-])O)[N+](=O)[O-])[N+](=O)[O-],Picric Acid
C1=C2C(=CC3=C1C(=O)OC3=O)C(=O)OC2=O,Pyromellitic dianhydride
C1=CC=C(C(=C1)C=O)Cl,2-Chlorobenzaldehyde
COC1=CC=CC=C1N,2-Methoxyaniline
CC1=CC=CC2=CC=CC=C12,1-Methylnaphthalene
CN(C)CC1=CC(=C(C(=C1)CN(C)C)O)CN(C)C,"2,4,6-Tris((dimethylamino)methyl)phenol"
C1=CC=C(C(=C1)C#N)C#N,Phthalonitrile
C1CCC2CCCCC2C1,Decalin
C1=CC=C(C=C1)C2=CC=CC=C2,Biphenyl
CCN(CC1=CC=CC=C1)C2=CC=CC=C2,N-Ethyl-N-benzylaniline
C1=CC=C(C=C1)C2=CC=C(C=C2)N,4-Aminobiphenyl
C1=CC=C(C=C1)C2=CC=C(C=C2)[N+](=O)[O-],"4-Nitro-1,1'-biphenyl"
COC1=C(C=C(C=C1)CC=C)OC,Methyleugenol
CCCOC(=O)C1=CC=C(C=C1)O,Propylparaben
C1=CC(=CC=C1C(=O)OOC(=O)C2=CC=C(C=C2)Cl)Cl,Bis(4-chlorobenzoyl) peroxide
CCCCOC(=O)C1=CC=C(C=C1)O,Butylparaben
CC1=C(C=CC(=C1)Cl)OCC(=O)O,(4-chloro-2-Methylphenoxy)acetic acid
C1=CC2=NNN=C2C=C1,1H-Benzotriazole
CC1=CC=CC=C1F,2-Fluorotoluene
CC1=C(C=C(C=C1)N)C,"3,4-Dimethylaniline"
CC1=CC(=C(C=C1)N)C,"2,4-Dimethylaniline"
CC1=C(C=CC(=C1)Cl)N,4-Chloro-2-toluidine
CC1=C(C=C(C=C1)Cl)Cl,"2,4-Dichlorotoluene"
CC1=C(C=C(C=C1)N)Cl,3-Chloro-4-methylaniline
C1=CC(=C(C=C1O)Cl)Cl,"3,4-Dichlorophenol"
C1=CC(=C(C=C1Cl)N)Cl,"2,5-Dichloroaniline"
C1=CC(=C(C=C1Cl)N)O,2-Amino-4-chlorophenol
C1=C(C(=CC(=C1Cl)Cl)Cl)O,"2,4,5-Trichlorophenol"
C(C(CBr)Br)Cl,"1,2-Dibromo-3-Chloropropane"
CCC(C)CC,3-Methylpentane
C(C(CCl)Cl)Cl,"1,2,3-Trichloropropane"
C(C(CCl)O)Cl,"1,3-Dichloro-2-propanol"
CCC(=NO)C,2-Butanone oxime
COC(=O)CCl,Methyl chloroacetate
CC1CCCO1,2-Methyltetrahydrofuran
C1CC(=O)OC1,Gamma-Butyrolactone
CC(C(C)(C)C)OP(=O)(C)F,Soman
C1=CC(=C(C=C1[N+](=O)[O-])[N+](=O)[O-])N,"2,4-Dinitroaniline"
C1=CC(=C(C=C1Cl)SC2=C(C=CC(=C2)Cl)O)O,Fenticlor
CC1=CC=CC=C1N=NC2=CC(=C(C=C2)N)C,o-Aminoazotoluene
CCOC(=O)C(=C)C,Ethyl Methacrylate
CCCCOC(=O)C(=C)C,Butyl Methacrylate
C1CC(OC1)CO,Tetrahydrofurfuryl alcohol
C1=COC(=C1)CO,Furfuryl Alcohol
C1=CC=C(C=C1)C(Cl)(Cl)Cl,Benzotrichloride
C1=CC=C(C=C1)C(F)(F)F,(Trifluoromethyl)benzene
C1=CC=C(C=C1)S(=O)(=O)O,Benzenesulfonic Acid
C1=CC=C(C=C1)[Si](Cl)(Cl)Cl,Phenyltrichlorosilane
C1=CC(=CC(=C1)Cl)C(F)(F)F,3-Chlorobenzotrifluoride
C1=CC(=CC(=C1)N)C(F)(F)F,3-(Trifluoromethyl)aniline
CC1=CC=C(C=C1)C(C)(C)C,4-tert-Butyltoluene
CC(C)(C)C1=CC=C(C=C1)O,4-tert-Butylphenol
C1=CC(=CC=C1C(F)(F)F)Cl,1-Chloro-4-(trifluoromethyl)benzene
CC1=CC=C(C=C1)S(=O)(=O)Cl,4-Toluenesulfonyl chloride
C1=CC=C(C=C1)C(Cl)Cl,Benzal chloride
CN(C)C1CCCCC1,"N,N-Dimethylcyclohexylamine"
CC1=CC(=CC=C1)C(=O)O,3-Methylbenzoic acid
C1=CC(=CC(=C1)[N+](=O)[O-])[N+](=O)[O-],"1,3-Dinitrobenzene"
CC1=CC=C(C=C1)C(=O)OC,Methyl 4-methylbenzoate
CC1=CC=C(C=C1)[N+](=O)[O-],4-Nitrotoluene
C1=CC(=CC=C1[N+](=O)[O-])Cl,1-Chloro-4-nitrobenzene
C1=CC(=CC=C1N)[N+](=O)[O-],4-Nitroaniline
C1=CC(=CC=C1C(=O)Cl)C(=O)Cl,Terephthaloyl chloride
C1=CC=C(C=C1)CBr,Benzyl Bromide
C1=CC=C(C=C1)CN,Benzylamine
C1=CC=C(C=C1)C#N,Benzonitrile
C1=CC=C(C=C1)NN,Phenylhydrazine
C=CC1=CC=CC=N1,2-Vinylpyridine
CC1(OCC(O1)CO)C,Solketal
CC1=CC(=CC=C1)C=C,1-Ethenyl-3-methylbenzene
C1=CC=C(C=C1)OP(OC2=CC=CC=C2)OC3=CC=CC=C3,Triphenyl phosphite
C1=CC(=C(C=C1CC2=CC(=C(C=C2)N)Cl)Cl)N,"3,3'-Dichloro-4,4'-Diaminodiphenylmethane"
C1=CC=C(C=C1)NC2=CC=C(C=C2)N,N-Phenyl-p-phenylenediamine
CN(C)C1=CC=C(C=C1)CC2=CC=C(C=C2)N(C)C,Bis(p-(dimethylamino)phenyl)methane
C1=CC(=CC=C1CC2=CC=C(C=C2)N=C=O)N=C=O,Diphenylmethane diisocyanate
CC(C)NC1=CC=C(C=C1)NC2=CC=CC=C2,N-isopropyl-N'-phenyl-p-phenylenediamine
C1=CC(=CC=C1CC2=CC=C(C=C2)N)N,"4,4-Diaminodiphenylmethane"
C1=CC(=CC=C1N)OC2=CC=C(C=C2)N,"4,4'-Diaminodiphenyl Ether"
C1CCC(CC1)NC2CCCCC2,Dicyclohexylamine
C1C(O1)COC2=CC(=CC=C2)OCC3CO3,Resorcinol diglycidyl ether
C1=CC=C(C=C1)NC(=NC2=CC=CC=C2)N,Diphenylguanidine
C=CCN(CC=C)CC=C,Triallylamine
C(CO)N(CCO)CCO,Triethanolamine
CCCCN(CCCC)CCO,2-(Dibutylamino)ethanol
B(O)(O)O,Boric Acid
C1=CC=C(C=C1)COCC2=CC=CC=C2,Dibenzyl ether
C1=CC=C(C=C1)N=C=O,Phenyl isocyanate
C1=CC=C(C=C1)CC(=O)Cl,Phenylacetyl chloride
CN(C)CC1=CC=CC=C1,"N,N-Dimethylbenzylamine"
CCCCC(CC)CN,2-Ethylhexylamine
C1=CC(=CC=C1C=O)Cl,4-Chlorobenzaldehyde
COC1=CC=C(C=C1)N,P-Anisidine
CCOC(=O)CCl,Ethyl chloroacetate
CC(=O)CC(=O)OC,Methyl acetoacetate
CCC(C)OC(=O)C,Sec-Butyl acetate
CCOC(=O)OCC,Diethyl Carbonate
CN(CCO)CCO,N-Methyldiethanolamine
C1CCC(=O)NCC1,Caprolactam
CC(C)OC(=O)OOC(=O)OC(C)C,Diisopropyl peroxydicarbonate
CCCCC(CC)CNCC(CC)CCCC,Bis(2-ethylhexyl)amine
CCCC(=O)OC(=O)CCC,Butyric anhydride
C1=CC(=CC=C1N)Br,4-Bromoaniline
CC1=CC=C(C=C1)Cl,4-Chlorotoluene
CCC(C)CC(=O)CC,5-Methyl-3-heptanone
C1CC2C(O2)CC1C3CO3,Vinyl cyclohexene dioxide
C1C(O1)CCl,Epichlorohydrin
CC(=C)C(=O)OCC1CO1,Glycidyl methacrylate
C=CCOCC1CO1,Allyl glycidyl ether
C(CBr)Br,"1,2-Dibromoethane"
C=CCBr,Allyl bromide
C#CCBr,Propargyl bromide
C(CBr)Cl,1-Bromo-2-Chloroethane
CCC#N,Propionitrile
C(C#N)Cl,Chloroacetonitrile
C(C#N)O,Hydroxyacetonitrile
C#CCO,Propargyl alcohol
C(=O)C=O,Glyoxal
COC=C,Methyl vinyl ether
CC=NO,Aldoxime
COCCl,Chloromethyl Methyl Ether
C=CC[Si](Cl)(Cl)Cl,Trichloro-2-propen-1-ylsilane
CC(=C)CC(C)(C)C,"2,4,4-Trimethyl-1-pentene"
CC(CC(C)(C)O)O,Hexylene Glycol
CCCCC[Si](Cl)(Cl)Cl,Trichloropentylsilane
CCCC(C)Br,2-Bromopentane
C(CCl)C(=O)O,3-Chloropropionic acid
CC(COC)O,1-Methoxy-2-propanol
CC(C)CC(C)N,"1,3-Dimethylbutylamine"
CC(C)OC(=O)Cl,Isopropyl chloroformate
C1=CC(=O)OC1=O,Maleic Anhydride
C1=CC(=CC(=C1)Cl)O,3-Chlorophenol
CC1=NC(=CC=C1)C,"2,6-Lutidine"
CC(CCl)OC(C)CCl,bis(2-Chloro-1-methylethyl) ether
CC(COC)OC(=O)C,Propylene glycol methyl ether acetate
CC1=CC(=CC(=C1)N)C,"3,5-Dimethylaniline"
C1(=NC(=NC(=N1)Cl)Cl)Cl,Cyanuric chloride
C1(=O)NC(=O)NC(=O)N1,Cyanuric acid
CC1=CC=NC=C1,4-Methylpyridine
C1CCC(CC1)N,Cyclohexylamine
CC1=CN=CC=C1,3-Methylpyridine
CN1CCOCC1,4-Methylmorpholine
CC(C)OCCO,Isopropylethanediol
CCCOC(=O)Cl,Propyl chloroformate
CCCC#N,Butyronitrile
C(CO)C#N,Hydracrylonitrile
C(CS)CS,"1,3-Propanedithiol"
COCOC,Dimethoxymethane
CCOC=C,Ethyl vinyl ether
C=COC=C,Vinyl ether
CCON=O,Ethyl Nitrite
C1CCOC1,Tetrahydrofuran
C1=COC=C1,Furan
C1=CSC=C1,Thiophene
CC(C)(C)OOC(C)(C)C,Di-tert-butyl peroxide
CC(=O)CCC(=O)C,"2,5-Hexanedione"
CN(C)CCN(C)C,"N,N,N',N'-Tetramethylethylenediamine"
C=CC(=O)NCNC(=O)C=C,Methylenebisacrylamide
CC(C)CCON=O,Isoamyl Nitrite
C(CCCl)CCl,"1,4-Dichlorobutane"
C(CC#N)C#N,Succinonitrile
C(CCO)CO,"1,4-Butanediol"
CCCCNC,N-Methylbutylamine
COCCOC,"1,2-Dimethoxyethane"
CCNCCO,2-(Ethylamino)ethanol
C1CC=COC1,"3,4-dihydro-2H-pyran"
C1OCOCO1,"1,3,5-Trioxane"
CC(C)CNCC(C)C,Diisobutylamine
CC(=O)OCCOCCOCCOC(=O)C,"1,8-Diacetoxy-3,6-dioxaoctane"
CCCCCCN,Hexylamine
CCOCCCO,3-Ethoxy-1-propanol
CCCCN=C=O,Butyl isocyanate
C(CNCCN)N,Diethylenetriamine
C(CNCCO)N,N-(2-Hydroxyethyl)ethylenediamine
CCCOCCC,Propyl ether
C(CCl)OCCCl,Bis(2-chloroethyl) ether
C(COCCO)O,Diethylene Glycol
C1CCCNCC1,Azepane
CCCCCCCC(=O)Cl,Octanoyl chloride
COCCOCCO,Diethylene Glycol Monomethyl Ether
CCCCCCCCN,Octylamine
CCCCCCCCS,1-Octanethiol
COCCOCCOC,Diglyme
CCCCCCCCCCCCN(C)C,Lauryldimethylamine
CCCCCCOCCO,Glycol monohexyl ether
CCCCOCCOCCO,Diethylene Glycol Monobutyl Ether
COCCOCCOCCO,Triethylene glycol monomethyl ether
CCCCCCCCCCC=C,1-Dodecene
CCCCOCCOCCCC,Ethylene glycol dibutyl ether
COCCOCCOCCOC,Triglyme
CCOCCOCCOCCO,Triethylene glycol monoethyl ether
CCCCCCOCCOCCO,Diethylene glycol monohexyl ether
C(COCCOCCOCCO)O,Tetraethylene Glycol
CCCCCCCCCCCCCCCC(=O)Cl,Palmitoyl chloride
CCCCCCCCCCCCCO,1-Tridecanol
CCCCCCCCCCCCCCO,1-Tetradecanol
CCCCCCCCCCCCCCN(C)C,"N,N-Dimethyltetradecylamine"
COC,Dimethyl Ether
CC(C)(C=C)O,2-Methyl-3-buten-2-ol
CC[Si](Cl)(Cl)Cl,Trichloroethylsilane
CN(C)P(=O)(N(C)C)F,Dimefox
C1=CC=C(C=C1)OP(=O)(OC2=CC=CC=C2)OC3=CC=CC=C3,Triphenyl Phosphate
CC(=CCCC(C)(C=C)OC(=O)C)C,Linalyl Acetate
C(CCl)OP(=O)(OCCCl)OCCCl,Tris(2-chloroethyl) phosphate
C(=C(F)F)(F)F,Tetrafluoroethylene
C(=C(F)F)(C(F)(F)F)F,Hexafluoropropylene
COC(=O)C(Cl)Cl,Methyl dichloroacetate
C12=C(C(=C(C(=C1Cl)Cl)Cl)Cl)C(=O)OC2=O,Tetrachlorophthalic anhydride
CCC(C(C1=CC=C(C=C1)Cl)C2=CC=C(C=C2)Cl)[N+](=O)[O-],Bulan
CC1(C(=O)N(C(=O)N1Cl)Cl)C,"1,3-Dichloro-5,5-dimethylhydantoin"
CC1=C(C=CC=C1Cl)Cl,"2,6-Dichlorotoluene"
C1(=C(C(=O)C(=C(C1=O)Cl)Cl)Cl)Cl,Chloranil
CC1=C(C=C(C=C1)O)N(C)C,3-Dimethylamino-4-methylphenol
C1=CC=C(C=C1)C(C(=O)C2=CC=CC=C2)O,Benzoin
C1CCC2=CC=CC=C2C1,Tetralin
C1=CC=C2C=C3C=CC=CC3=CC2=C1,Anthracene
COC1=C(C=C(C=C1)C=O)OC,Veratraldehyde
C1=CC=C(C=C1)CC2=C(C=CC(=C2)Cl)O,Chlorophene
CC(C(=O)O)OC1=C(C=C(C=C1)Cl)Cl,Dichlorprop
CCOC(=O)C1=CC=C(C=C1)O,Ethylparaben
COC(=O)C1=CC=C(C=C1)C(=O)OC,Dimethyl terephthalate
CCCCCCCCS(=O)C(C)CC1=CC2=C(C=C1)OCO2,Sulfoxide
CC1=CC(=C(C=C1)OC)N,2-Methoxy-5-Methylaniline
C1=CC=C2C(=C1)N=C(S2)SSC3=NC4=CC=CC=C4S3,Accelerator DM
CC1=C(C=C(C=C1)[N+](=O)[O-])[N+](=O)[O-],"2,4-Dinitrotoluene"
COP(OC)OC,Trimethyl phosphite
CC1=CC(=CC=C1)N(C)C,"N,N-dimethyl-m-toluidine"
C1=CC(=CC(=C1)Cl)[N+](=O)[O-],1-Chloro-3-nitrobenzene
C1=CC(=CC(=C1)C(=O)O)C(=O)O,Isophthalic Acid
C1=CC(=CC=C1C(=O)Cl)[N+](=O)[O-],4-Nitrobenzoyl chloride
C1=CC=C2C(=O)C=CC(=O)C2=C1,"1,4-Naphthoquinone"
C=CCOC(=O)C1=CC=CC=C1C(=O)OCC=C,Diallyl phthalate
CCCCCOC(=O)C1=CC=CC=C1C(=O)OCCCCC,Dipentyl phthalate
C1=CC=C(C=C1)CCOC(=O)C2=CC=CC=C2N,Phenethyl anthranilate
CCC1=CC=CC=C1CC,"1,2-Diethylbenzene"
CCCCC(CC)C(=O)O,2-Ethylhexanoic Acid
C1=CC=C2C(=C1)N=C(S2)N,Benzo(d)thiazol-2-amine
COC(=O)C(=C)C#N,Methyl cyanoacrylate
CCCCOC(=O)C(C)O,Butyl Lactate
C(C(=O)O)N(CC(=O)O)CC(=O)O,Nitrilotriacetic Acid
C1=CC=C(C=C1)CC#N,Phenylacetonitrile
C1CN(CCN1)CCN,Aminoethylpiperazine
CN(C)C(=O)NC1=CC=C(C=C1)Cl,Monuron
CC(=O)NC1=CC=C(C=C1)C(=O)CCl,4'-Chloroacetyl(acetanilide)
COC1=CC=C(C=C1)CC=C,Estragole
CCC[Si](Cl)(Cl)Cl,Propyltrichlorosilane
CC(C)(C)CC(C)(C)S,tert-OCTYL MERCAPTAN
CCCC(=O)Cl,Butyryl chloride
C(CCl)CCl,"1,3-Dichloropropane"
CCCCCCCCCCS,1-Decanethiol
CCCCCCCCCOC(=O)C,Nonyl Acetate
CC1=CC(NC2=CC=CC=C12)(C)C,"2,2,4-Trimethyl-1,2-dihydroquinoline"
COC1=CC=C(C=C1)O,4-Methoxyphenol
COC1=CC=C(C=C1)OC,"1,4-Dimethoxybenzene"
C1CN1,Aziridine
C(CN)CO,3-Amino-1-propanol
C1=CC=C2C3=C4C(=CC2=C1)C=CC5=C4C(=CC6=CC=CC=C56)C=C3,"Dibenzo(a,h)pyrene"
C1=CC=C2C(=C1)C=C3C=CC4=C5C3=C2C6=CC=CC=C6C5=CC=C4,"Dibenzo(a,l)pyrene"
C1=CC=C2C(=C1)C=NC3=CC=CC=C3O2,"Dibenz(B,F)(1,4)Oxazepine"
C1=CC=C2C(=C1)C=CO2,Benzofuran
C1CCCC1,Cyclopentane
C1=CSC=N1,Thiazole
C1=NC=NN1,"1H-1,2,4-Triazole"
NN,Hydrazine
CCOP(=O)(OCC)OC1=CC=C(C=C1)[N+](=O)[O-],Paraoxon
CCC(C)N1C(=O)C(=C(NC1=O)C)Br,Bromacil
CC1=CC(=CC(=C1N(C)C)C)OC(=O)NC,Mexacarbate
C1=CC(=C(C=C1[N+](=O)[O-])O)[N+](=O)[O-],"2,5-Dinitrophenol"
C=[N+]=[N-],Diazomethane
C1=CC=C(C(=C1)N)F,2-Fluoroaniline
CC1=CC=C(C=C1)F,p-Fluorotoluene
CC1=CC(=CC=C1)F,m-Fluorotoluene
CCF,Fluoroethane
C(=O)(F)F,Carbonyl fluoride
C(F)(F)(Cl)Br,Bromochlorodifluoromethane
C(C(F)(F)Cl)(F)Cl,"1,2-Dichloro-1,1,2-trifluoroethane"
C(C(F)(F)Cl)(F)F,"1-Chloro-1,1,2,2-tetrafluoroethane"
C(C(Cl)(Cl)Cl)(F)(F)F,"1,1,1-Trichloro-2,2,2-trifluoroethane"
C(C#N)C(=O)O,Cyanoacetic acid
C1=CC(=CC=C1C(F)(F)F)[N+](=O)[O-],P-Nitrobenzotrifluoride
C1(C(O1)(F)F)(C(F)(F)F)F,Hexafluoropropylene oxide
CC12CCC3C(C1CCC2(C)O)CCC4C3(CC(=CO)C(=O)C4)C,"oxymetholone, Unimed"
C(#N)C#N,Cyanogen
C(CCl)C(F)(F)F,"3-Chloro-1,1,1-trifluoropropane"
C1=CC=C(C=C1)F,Fluorobenzene
C1=CC(=CN=C1)N,3-Aminopyridine
CCCCCON=O,Pentyl nitrite
C=C=O,Ketene
C(=O)=S,Carbonyl Sulfide
CC(C)(C)C,Neopentane
CC1CCC2CC1C2(C)C,Pinane
CN(C1=C(C=C(C=C1[N+](=O)[O-])[N+](=O)[O-])[N+](=O)[O-])[N+](=O)[O-],Nitramine
C1=CC2=CC3=C(C(=CC=C3)O)C(=C2C(=C1)O)O,"1,8,9-Anthracenetriol"
C1=CC=C2C(=C1)C(=O)C(C2=O)(O)O,Ninhydrin
C1=CC=C(C=C1)COC(=O)Cl,Benzyl chloroformate
C1CCC(=O)OCC1,epsilon-CAPROLACTONE
C1COC1,Oxetane
CC(=CC(=O)C=C(C)C)C,Phorone
C1=CC=NC(=C1)N,2-Aminopyridine
CSCCCO,3-(Methylthio)-1-propanol
C(#N)Br,Cyanogen Bromide
C(#N)Cl,Cyanogen Chloride
C(#N)I,Cyanogen iodide
CC(=O)Br,Acetyl bromide
CC(=O)I,Acetyl iodide
CC(=O)S,Thioacetic acid
C([N+](=O)[O-])([N+](=O)[O-])([N+](=O)[O-])[N+](=O)[O-],Tetranitromethane
CC=C(C)C,2-Methyl-2-butene
CC(=C)CO,Methallyl alcohol
CC(C)C1=CC2=CCC3C(C2CC1)(CCCC3(C)C(=O)O)C,Tall-oil rosin
CC1=C(C(=CC=C1)C)C,"1,2,3-Trimethylbenzene"
CC1=CC(=C(C(=C1)C)C)C,"1,2,3,5-Tetramethylbenzene"
CN1CN(C(=S)SC1)C,Dazomet
CC(OC)OC,"1,1-Dimethoxyethane"
CC1=CC=CO1,2-Methylfuran
CC1=CC(=CC(=C1O)[N+](=O)[O-])[N+](=O)[O-],"2-Methyl-4,6-dinitrophenol"
CCOC(=O)C(C)Cl,Ethyl 2-chloropropionate
CCN(CCCl)CCCl,Bis(2-chloroethyl)ethylamine
C1CCC(CC1)N=C=NC2CCCCC2,Dicyclohexylcarbodiimide
CCCCCOC(=O)CCC,Amyl butyrate
CCOC,Methoxyethane
CC(C)CC(C)(C)C,"2,2,4-Trimethylpentane"
CCOC(=O)Cl,Ethyl chloroformate
CC1CCCCCCCCCCCCC(=O)C1,Muskone
C(CCl)C#N,3-Chloropropionitrile
C(OCCl)Cl,Bis(Chloromethyl) Ether
CC(C)(CCCC(=C)C=C)O,Myrcenol
CCCCCC(C)O,2-Heptanol
CCCCCCl,1-Chloropentane
CCCON=O,Propyl nitrite
CCCCON=O,Butyl nitrite
C1=CC=C2C(=C1)C=CC=C2N=C=S,1-Naphthyl Isothiocyanate
CC(=O)C1=CC=CC=C1N,2'-Aminoacetophenone
CC1=CC=CC=C1CCl,alpha-Chloro-o-xylene
C1=CC(=C(C=C1Cl)Cl)N,"2,4-Dichloroaniline"
C1C(O1)CO,Glycidol
C=CCI,Allyl iodide
CC(=CCO)C,3-Methyl-2-buten-1-OL
CCCOC,Methyl propyl ether
C=CCOCC=C,Diallyl ether
C=CO,Vinyl alcohol
C(Br)(Br)(Br)Br,Carbon tetrabromide
CC(C)C=C,3-Methyl-1-butene
CCC(=C)C,2-Methyl-1-butene
CC(=C)CCl,3-Chloro-2-methyl-1-propene
C1=CC(=C(C(=C1)[N+](=O)[O-])O)[N+](=O)[O-],"2,6-Dinitrophenol"
C1=CC(=C(C(=C1)Cl)Cl)O,"2,3-Dichlorophenol"
CC(C)C1=CC=CC=C1C(C)C,Bis(1-methylethyl)benzene
CC1CCCCC1=O,2-Methylcyclohexanone
CCC(CC)O,3-Pentanol
CC1=C(C=C(C=C1)N=C=O)N=C=O,"Toluene 2,4-Diisocyanate"
CC(=C)C(=O)OC(C)(C)C,tert-Butyl methacrylate
CC1=CC=C(C=C1)CO,4-Methylbenzyl alcohol
CC=CCl,1-Chloro-1-propene
C1=C(C=C(C=C1Cl)Cl)O,"3,5-Dichlorophenol"
CCCCNC(=O)N,Butylurea
CCC=CC=C,Hexadiene
CF,Fluoromethane
C=CBr,Bromoethene
C=CN,Vinylamine
C(SCl)(Cl)(Cl)Cl,Trichloromethanesulfenyl chloride
CC([N+](=O)[O-])(Cl)Cl,"1,1-Dichloro-1-nitroethane"
CC[As](Cl)Cl,Ethyldichloroarsine
CCN(C)C,Dimethylethylamine
CC(C)C(C)O,3-Methyl-2-butanol
CC(C(=O)O)Cl,2-Chloropropionic acid
CCC([N+](=O)[O-])Cl,1-Chloro-1-nitropropane
CC1=C(C(=CC=C1)[N+](=O)[O-])[N+](=O)[O-],"2,3-Dinitrotoluene"
C1=CC=C(C=C1)N(C2=CC=CC=C2)C3=CC=CC=C3,Triphenylamine
C1=CC=C(C=C1)P(C2=CC=CC=C2)C3=CC=CC=C3,Triphenylphosphine
CC1=C(C=CC=C1[N+](=O)[O-])[N+](=O)[O-],"2,6-Dinitrotoluene"
C1=C(C(=C(C(=C1Cl)Cl)Cl)Cl)Cl,Pentachlorobenzene
CC1=CC(=C(C=C1)[N+](=O)[O-])[N+](=O)[O-],"3,4-Dinitrotoluene"
CC1=CC=CC=C1C=C,2-Methylstyrene
C1=CC=C(C(=C1)CCl)Cl,2-Chlorobenzyl chloride
C1=CC=C(C=C1)C(=O)CN,Phenacylamine
CC(C)(C)OOC(=O)C1=CC=CC=C1,tert-Butyl peroxybenzoate
C(C(CCl)Cl)O,"(+-)-2,3-Dichloro-1-propanol"
COC(=O)OC,Dimethyl Carbonate
CC1=C(C=CC(=C1)[N+](=O)[O-])[N+](=O)[O-],"2,5-Dinitrotoluene"
CCCCCN(CCCCC)CCCCC,Triamylamine
C1=CC=C(C=C1)N=C(Cl)Cl,Phenylimidocarbonyl chloride
CC(=O)OC1CCCCC1,Cyclohexyl acetate
CC1=CC=C(C=C1)C=C,1-Ethenyl-4-methylbenzene
CC(=O)OCC1=CC=CO1,Furfural acetate
C1=COC(=C1)C=CC=O,3-(2-Furyl)acrolein
CCCCCOC(=O)CC,Amyl propionate
CN=C=O,Methyl Isocyanate
CCC(C)(C)OC(=O)C,2-Methyl-2-butanol acetate
C(CO)[N+](=O)[O-],2-Nitroethanol
CCO[N+](=O)[O-],Ethyl Nitrate
CC1=CC=C(O1)C,"2,5-Dimethylfuran"
C1=CC(=CC(=C1)C#N)C#N,Isophthalonitrile
CCCC(C)OC(=O)C,2-Pentyl acetate
CN1CCCCC1,N-Methylpiperidine
CCCO[N+](=O)[O-],n-PROPYL NITRATE
C(CO)CCl,3-Chloro-1-propanol
CC(C)CCCCO,5-Methyl-1-hexanol
CCCOCC,Ethyl propyl ether
CCCCOCC,Ethyl butyl ether
CCOCCOCC,Ethylene glycol diethyl ether
CCCCCCCCCCCCC,Tridecane
CCCCCCCCCCCCCCCO,1-Pentadecanol
CCOC(C)(C)C,Ethyl tert-butyl ether
CC1=CC=C(S1)C,"2,5-Dimethylthiophene"
C1=CC=C(C=C1)P,Phenylphosphine
CCCCCOC=O,Pentyl formate
CCSCCSP(=S)(OC)OC,Thiometon
CCC=CC,Pent-2-ene
C=C1CC(=O)O1,Diketene
C(=O)(C(F)(F)F)C(F)(F)F,Hexafluoroacetone
C1=CC=C(C=C1)[As](Cl)Cl,Phenyldichloroarsine
CC(C)(C)C1=CC(=O)C=C(C1=O)C(C)(C)C,"2,6-Di-t-butyl-p-benzoquinone"
COP(=S)(OC)SCN1C(=O)C2=CC=CC=C2C1=O,Phosmet
COP(=O)(C)OC,Dimethyl methylphosphonate
CCCN(CCC)C(=O)SCC,Eptam
CCCCCCCC(=O)OOC(=O)CCCCCCC,Caprylyl peroxide
CCOCCC(=O)OCC,Ethyl 3-ethoxypropionate
CCN1CCCCC1,N-Ethylpiperidine
CC(C)NC1=CC=CC=C1,N-Isopropylaniline
CCOP(=S)(OCC)SCSC1=CC=C(C=C1)Cl,Carbophenothion
C(C(F)(F)F)F,"1,1,1,2-Tetrafluoroethane"
C(C(F)(Cl)Cl)(F)F,"1,1-Dichloro-1,2,2-trifluoroethane"
C=CC(=O)OCCO,2-Hydroxyethyl acrylate
CCCCCCCCCC=C,1-Undecene
C(CCCN=C=O)CCN=C=O,Hexamethylene diisocyanate
CC1(CC(=O)CC(N1)(C)C)C,"2,2,6,6-Tetramethyl-4-piperidone"
CC1CC(OC(O1)C)OC(=O)C,Dimethoxane
C1=CC=C(C=C1)N=NC2=C(C=CC3=CC=CC=C32)O,1-(Phenylazo)-2-naphthol
CCSCCOP(=S)(OC)OC,Demeton-O-methyl
CCCCCCCCC=C,1-Decene
CN1CCCC1=O,N-methyl-2-pyrrolidone
C1=CC(=C(C=C1Cl)Cl)C=O,"2,4-Dichlorobenzaldehyde"
C1=CC=C(C=C1)SSC2=CC=CC=C2,Diphenyl disulfide
CCSCCSP(=O)(OC)OC,Demeton-S-methyl
C(C(F)(F)F)(C(F)(F)F)O,"1,1,1,3,3,3-Hexafluoro-2-propanol"
CCCC(C)C(C)CC,"3,4-Dimethylheptane"
CC(=CC=C)C,"4-Methyl-1,3-pentadiene"
CC(=CCCl)Cl,"1,3-Dichloro-2-butene"
CCCCN(C)C,"N,N-Dimethylbutylamine"
CCCCCC[Si](Cl)(Cl)Cl,Hexyltrichlorosilane
C(COCCO)N,Diglycolamine
CCCCCCCCCCCCN,Dodecylamine
C1=CC(=C(C(=C1Cl)O)Cl)Cl,"2,3,6-Trichlorophenol"
C1=C(C=C(C(=C1O)Cl)Cl)Cl,"2,3,5-Trichlorophenol"
C1=C(C(=C(C(=C1Cl)Cl)O)Cl)Cl,"2,3,5,6-Tetrachlorophenol"
COC1=C(C(=C(C=C1Cl)Cl)Cl)Cl,"2,3,4,6-Tetrachloroanisole"
CCOP(=S)(CC)SC1=CC=CC=C1,Fonofos
CCCCP(CCCC)CCCC,Tributylphosphine
C1=CC(=CC(=C1)N=NC2=C(C=C(C=C2)N)N)N=NC3=C(C=C(C=C3)N)N,C.I. Basic Brown 1
CCCCN(CC)C(=O)SCCC,Pebulate
C(CO)N(CCO)N=O,N-Nitrosodiethanolamine
CCCCCCCCCCCCC=C,1-Tetradecene
C1COS(=O)(=O)C1,Propane sultone
CC1=C(N=C(C(=N1)C)C)C,Tetramethylpyrazine
CC[Si](C1=CC=CC=C1)(Cl)Cl,Dichloroethylphenylsilane
CCN(C1CCCCC1)C(=O)SCC,Cycloate
CCCCCCCCCCCCOC(=O)C1=CC(=C(C(=C1)O)O)O,Dodecyl Gallate
CC(=O)C1=CC=CO1,2-Acetylfuran
CC1=CC=C(C=C1)C(C)(C)O,p-Cymen-8-ol
O=[Al]O[Al]=O,Corundum
[Be]=O,Beryllium Oxide
O=[Ca],Calcium Oxide
O=[Cd],Cadmium oxide fume
O=[Ni],Nickel trioxide
O=[Zn],Desitin
O=[Pb],Lead monoxide
CC(C)CCCCCCC=O,Isodecylaldehyde
CC(C)CCCCCCCOC(=O)C=C,Isodecyl acrylate
F,Hydrofluoric Acid
C1=CN(C=C1)CC2=CC=CO2,1-Furfurylpyrrole
CCCCCCCCCS,1-Nonanethiol
CCCCCCCCCCCCCCC1=CC=CC=C1,Tetradecylbenzene
C1=CC(=CC(=C1)CN)CN,"1,3-Benzenedimethanamine"
CCP(Cl)Cl,"Phosphonous dichloride, ethyl-"
CC1(CC2=C(O1)C(=CC=C2)O)C,"2,3-Dihydro-2,2-dimethyl-7-benzofuranol"
CCOCC(C)O,1-Ethoxy-2-propanol
C1CCC(CC1)S,Cyclohexanethiol
CN(C)NC(=O)CCC(=O)O,Daminozide
CCCCCCCCCCCCCCCCCCN(C)C,Dimethyloctadecylamine
CC(C)(C)OC,tert-Butyl methyl ether
CCOC(=O)CC(C(=O)OCC)SP(=O)(OC)OC,Malaoxon
CCCCCCCS,1-Heptanethiol
C(C(F)(F)Cl)Cl,"1,2-Dichloro-1,1-difluoroethane"
CCCCCCCCCC(C)O,(+-)-2-Undecanol
CC(C)CCCCCO,Isooctan-1-ol
C1=CC(=NC(=C1Cl)C(=O)O)Cl,Clopyralid
CC(C)O[N+](=O)[O-],Isopropyl nitrate
CC(F)(Cl)Cl,"1,1-Dichloro-1-fluoroethane"
CC[Si](CC)(Cl)Cl,Diethyldichlorosilane
CCCCCCCCCCCCCCCCCCN,Octadecylamine
CC1=CC(=C(C(=C1)C(C)(C)C)O)C,"2,4-Dimethyl-6-tert-butylphenol"
C1=CC=C(C=C1)OC(=O)Cl,Phenyl chloroformate
C(#N)C1=C(C(=C(C(=C1Cl)Cl)Cl)C#N)Cl,Chlorothalonil
C1(=C(C(=NC(=C1Cl)Cl)C(=O)O)Cl)N,Picloram
C1=CC(=NC(=C1)Cl)C(Cl)(Cl)Cl,Nitrapyrin
CC(C)(C)C1=C(C=CC(=C1)O)O,Tert-Butylhydroquinone
CN(C)C(=O)NC1=CC=C(C=C1)OC2=CC=C(C=C2)Cl,Chloroxuron
CCCCCCCCCCCCCCCCN(C)C,Dimethylhexadecylamine
CC1=CC(=CC(=C1SC)C)OC(=O)NC,Methiocarb
CCCCCNCCCCC,Dipentylamine
C(CCCN)CCN,Hexamethylenediamine
CCCSSCC=C,Allyl propyl disulfide
CCCCCC(=O)OCCC(C)C,Isoamyl hexanoate
CCSC(=O)N1CCCCCC1,Molinate
C1C(O1)COCC2CO2,Diglycidyl ether
C1(=O)NC(=O)N(C(=O)N1Cl)Cl,Dichloroisocyanurate
C[Si]12OCCN(CCO1)CCO2,Methylsilatrane
CCCCCC1=CC=CC=N1,2-Pentylpyridine
CC1(C2CCC1(C(C2)(C)O)C)C,"2-Bornanol, 2-methyl-"
CCCCCCCCC1CO1,"1,2-Epoxydecane"
C1C=CCC2C1C(=O)N(C2=O)SC(C(Cl)Cl)(Cl)Cl,Captafol
CCCCOCC1CO1,Butyl glycidyl ether
CCCCCCCCCCCC=C,1-Tridecene
CN(C)CCOC(=O)C=C,2-(Dimethylamino)ethyl acrylate
CCC(C)COC(=O)C(C)CC,2-Methylbutyl 2-methylbutyrate
CCCCCCCCOC(=O)C=C,Octyl acrylate
CCOP(=S)(OCC)Cl,"O,O-diethyl phosphorochloridothioate"
FS(F)(F)(F)(F)F,Sulfur Hexafluoride
CC(CO)C#N,Propylene cyanohydrin
CC1=CC(=CC(=C1)OC(=O)NC)C(C)C,Promecarb
COC1=CC(=C(C=C1Cl)OC)Cl,Chloroneb
C1N(CN(CN(CN1[N+](=O)[O-])[N+](=O)[O-])[N+](=O)[O-])[N+](=O)[O-],Octogen
N(=O)Cl,Nitrosyl chloride
C1=CC=C(C(=C1)C=C(C#N)C#N)Cl,2-Chlorobenzylidenemalononitrile
O=S(=O)(F)F,Sulfuryl fluoride
COC1=COC(=CC1=O)CSP(=O)(OC)OC,Endothion
CCCOCCO,Glycol monopropyl ether
CCC(C)C1=C(C(=CC(=C1)[N+](=O)[O-])[N+](=O)[O-])OC(=O)C,Dinoseb acetate
CC(C)CC(=O)OCC=C,Allyl isovalerate
CCCCCCC(C)CCC,4-Methyldecane
CC1(CC(CC(C1)(C)CN)N)C,Isophorone diamine
CCCCCCCCCCCCCCCCCCS,1-Octadecanethiol
CCCCCCCCCCCCCCCCS,Hexadecanethiol
CCCCCCCCCCCCCCCC(=O)C,2-Heptadecanone
C=CCOC(=O)Cl,Allyl chloroformate
CCSC(=O)Cl,Ethyl chlorothioformate
CSS(=O)(=O)C,S-Methyl methanethiosulfonate
CC(CCl)Br,2-Bromo-1-chloropropane
CC1=CN(C(=O)NC1=O)C2C=CC(O2)CO,"1-[5-(Hydroxymethyl)-2,5-dihydrofuran-2-yl]-5-methylpyrimidine-2,4-dione"
CC1CC(=O)O1,beta-BUTYROLACTONE
CC(C)CCC(C)NC1=CC=C(C=C1)NC(C)CCC(C)C,"N,N'-bis(1,4-dimethylpentyl)-p-phenylenediamine"
COCCOC(=O)C=C,2-Methoxyethyl acrylate
COC1=NC=CN=C1,2-Methoxypyrazine
C1CCC(CC1)N=C=O,Cyclohexyl isocyanate
CCC1=CC=CO1,2-Ethylfuran
CCCCCCCCCCCCC1CO1,"1,2-Epoxytetradecane"
CSCCC=O,Methional
CC(C)(C#N)C(C)(C)C#N,"2,2,3,3-Tetramethylbutanedinitrile"
CC(CCO)CC(C)(C)C,"3,5,5-Trimethyl-1-hexanol"
C1=CC=C(C=C1)P(=S)(Cl)Cl,Phenylthionophosphonic dichloride
CC(C)CCC(C)(C)C,"2,2,5-Trimethylhexane"
COCCC1=CC=CC=C1,Methyl phenethyl ether
CC1C(=O)C(=C(O1)C)O,Furaneol
CCCC(=O)C(=O)C,"2,3-Hexanedione"
P(=S)(Cl)(Cl)Cl,Thiophosphoryl chloride
C1=CC(=CC=C1N=C=S)N=C=S,p-Phenylene diisothiocyanate
C(CNCCNCCNCCNCCN)N,Pentaethylenehexamine
C=CC(=O)OCCOCCOC(=O)C=C,Diethylene glycol diacrylate
CC(CCOC(=O)C)OC,3-Methoxybutyl acetate
CCCCCCCCCCCC[Si](Cl)(Cl)Cl,Dodecyltrichlorosilane
CC1CC(=O)C=C2C1(CC(CC2)C(=C)C)C,Nookatone
CCCN(CCC)C1=C(C=C(C=C1[N+](=O)[O-])S(=O)(=O)C)[N+](=O)[O-],Nitralin
C(CN)CN(CCO)CCO,(3-Aminopropyl)diethanolamine
CC(C)CCCC=C,6-Methyl-1-heptene
CCCCOCC(C)O,n-Butoxy-2-propanol
CCCCCCCC[Si](Cl)(Cl)Cl,Octyltrichlorosilane
CCCCCCCCC[Si](Cl)(Cl)Cl,Nonyltrichlorosilane
CCNC1CCCCC1,N-Ethyl cyclohexylamine
CC(=O)CCC1=CC=C(C=C1)O,4-(4'-Hydroxyphenyl)-2-butanone
C1=CC(=O)NNC1=O,Maleic Hydrazide
CC1=NC=CN=C1C,"2,3-Dimethylpyrazine"
CCCC(C)O,2-Pentanol
CC(CO[N+](=O)[O-])O[N+](=O)[O-],Propylene glycol dinitrate
C1CN2CCC1C(C2)OC(=O)C(C3=CC=CC=C3)(C4=CC=CC=C4)O,3-Quinuclidinyl benzilate
CCCCCCCCCCCC1=CC=CC=C1,Undecylbenzene
CC(C)C(C(C)(C)COC(=O)C(C)C)OC(=O)C(C)C,"2,2,4-Trimethyl-1,3-pentanediol diisobutyrate"
CCCCCCCCCCCCCCC1CO1,"1,2-Epoxyhexadecane"
[Hg],Mercury
[Ne],Neon
[SiH4],Silane
[Ta],Tantalum
[Ar],Argon
[Cd],Cadmium
[Cu],Copper
[He],Helium
[U],Uranium
[V],Vanadium
[Xe],Xenon
[Y],Yttrium
O=[Se]=O,Selenium Dioxide
CCC(C)C(=O)OCC,Ethyl 2-methylbutyrate
C1CC(OC1CO)N2C=CC(=NC2=O)N,4-Amino-1-[5-(hydroxymethyl)oxolan-2-yl]pyrimidin-2-one
CCCC[Si](Cl)(Cl)Cl,Butyltrichlorosilane
Cl[Ti](Cl)(Cl)Cl,Titanium Tetrachloride
C(#CCl)Cl,Dichloroacetylene
O=[Si]=O,Silica
Cl[V](Cl)(Cl)Cl,Vanadium tetrachloride
Cl[Sn](Cl)(Cl)Cl,Tin tetrachloride
Cl[Sb](Cl)(Cl)(Cl)Cl,Antimony pentachloride
FP(F)(F)(F)F,Phosphorus pentafluoride
C1(=NC(=NC(=N1)NCl)NCl)NCl,Trichloromelamine
CC(=CC1C(C1(C)C)C(=O)OCN2C(=O)C3=C(C2=O)CCCC3)C,Tetramethrin
O=S(Cl)Cl,Thionyl Chloride
P(Cl)(Cl)Cl,Phosphorus trichloride
[Al](Br)(Br)Br,Aluminum bromide
O[Cr](=O)(=O)O,Chromic Acid
CCCCOC(=O)C1=CC=CC=C1N,Butyl anthranilate
FF,Fluorine
N=[N+]=[N-],Hydrazoic acid
O(F)F,Oxygen difluoride
F[Pb]F,Lead fluoride
N(F)(F)F,Nitrogen trifluoride
FS(F)(F)F,Sulfur tetrafluoride
F[Si](F)(F)F,Silicon tetrafluoride
F[Sb](F)(F)(F)F,Antimony pentafluoride
F[Te](F)(F)(F)(F)F,Tellurium hexafluoride
Cl[As](Cl)Cl,Arsenic chloride (AsCl3)
OS(=O)(=O)F,Fluorosulfuric acid
O=P(Br)(Br)Br,Phosphorus oxybromide
P(Br)(Br)Br,Phosphorus tribromide
OS(=O)(=O)Cl,Chlorosulfonic acid
ClI,Iodine chloride
Cl[Tl],Thallium monochloride
O=S(=O)(Cl)Cl,Sulfuryl chloride
O=S(=O)(OS(=O)(=O)Cl)Cl,Pyrosulfuryl chloride
C(C=CCl)Cl,"1,3-Dichloropropene"
CC(CN(CC(C)O)CC(C)O)O,Triisopropanolamine
C(C(C(C(C(C=O)O)O)O)O)O,GlyTouCan:G09597LJ
CCCCCCCCCC1=CC=C(C=C1)OCCOCCO,4-Nonylphenol diethoxylate
S(SCl)Cl,Sulfur monochloride
O=P(Cl)(Cl)Cl,Phosphorus oxychloride
Cl[Sb](Cl)Cl,Antimony trichloride
[Si](Cl)(Cl)(Cl)Cl,Silicon tetrachloride
P(Cl)(Cl)(Cl)(Cl)Cl,Phosphorus pentachloride
I,Hydrogen iodide
[Rn],Radon
CCC(C)N,Sec-Butylamine
CC(CO)OCC(C)OCC(C)OC,"1-Propanol, 2-(2-(2-methoxypropoxy)propoxy)-"
C(#N)C(C(=O)N)(Br)Br,"2,2-Dibromo-3-nitrilopropionamide"
B(Br)(Br)Br,Boron tribromide
B(Cl)(Cl)Cl,Boron Trichloride
[N+](=O)([N+](=O)[O-])[O-],Nitrogen oxide (N2O4)
NCl,Monochloramine
CC(COC(C)COC)O,Dipropylene glycol monomethyl ether
CC(CO)OCC(C)OC,Dipropyleneglycol monomethyl ether
C=CC(=O)OCCCCCCOC(=O)C=C,"1,6-Hexanediol diacrylate"
CCN(CC)C(=O)C(=C(C)OP(=O)(OC)OC)Cl,Phosphamidon
CCCCNCC,Butylethylamine
CCC1=NC(=CN=C1C)C,"3-Ethyl-2,5-dimethylpyrazine"
C(C(=O)[O-])(Cl)Cl,Dichloroacetate anion
CCC1=NC=CN=C1,2-Ethylpyrazine
CC1=NC=CN=C1CC(C)C,2-Isobutyl-3-methyl pyrazine
CC1=CN=C(C=N1)C=C,2-Methyl-5-vinylpyrazine
CC1(CCCC2(C1=CC(=O)O2)C)C,"Dihydroactinidiolide, (+-)-"
C1=CC(=C(C(=C1O)Cl)Cl)Cl,"2,3,4-Trichlorophenol"
CC1CCOC(C1)C=C(C)C,Rose oxide
CCCCNC(=O)N1C2=CC=CC=C2N=C1NC(=O)OC,Benomyl
CCC1=NC=C(N=C1CC)C,"2,3-Diethyl-5-Methylpyrazine"
CC(CCCC(C)(C)O)C=C,Dihydromyrcenol
CC1(C=CC(=O)O1)C,"5,5-Dimethyl-2(5H)-furanone"
O=[Os](=O)(=O)=O,Osmium Tetroxide
CC(C)(C)C1=NN=C(N(C1=O)N)SC,Metribuzin
C1=CC=C2C(=C1)N=C(S2)SCSC#N,2-(Thiocyanomethylthio)benzothiazole
O=[Hg],Mercuric oxide
CCOP(=O)(NC(C)C)OC1=CC(=C(C=C1)SC)C,Fenamiphos
CC1=C(C=CC(=C1)OP(=S)(OC)OC)[N+](=O)[O-],Fenitrothion
CC(=O)CCC1=CC(=C(C=C1)O)OC,Zingerone
CCOC(OCC)OCC,Ethyl orthoformate
CCOP(OCC)OCC,Triethyl phosphite
C1C(O1)COC2=CC=CC=C2,Phenyl glycidyl ether
C1=CC=C(C=C1)NNC2=CC=CC=C2,Hydrazobenzene
CC(=O)OCCCC1=CC=CC=C1,3-Phenylpropyl acetate
C1=CC=C(C=C1)OCCO,Phenoxyethanol
CCCCCCCCCCCCC1=CC=CC=C1,Dodecylbenzene
CCCCC(CC)C=O,2-Ethylhexanal
CCCC(=O)CCC,4-Heptanone
C(CC(=O)OOC(=O)CCC(=O)O)C(=O)O,Succinoyl peroxide
CCOC(=O)CCC(=O)OCC,Diethyl Succinate
CC1=CN=C(C=N1)C,"2,5-Dimethylpyrazine"
CC(=CCCC(=C)C=C)C,Myrcene
CNC=O,N-Methylformamide
CCC(=O)OC(=O)CC,Propionic anhydride
C=CCNCC=C,Diallylamine
CCCCCCCCCCCCCC(=O)OC,Methyl Myristate
CCCCCCCC=C,1-Nonene
CCCCOCCOCCOC(=O)C,Diethylene glycol monobutyl ether acetate
CS(=O)(=O)Cl,Methanesulfonyl chloride
CC(=C)C#N,Methacrylonitrile
C=CC(=C)Cl,Chloroprene
CC(CCl)O,1-Chloro-2-propanol
CC1=NC=CN=C1C(=O)C,2-Acetyl-3-methylpyrazine
CC1NCCS1,2-Methylthiazolidine
CCC1=CC=CC(=C1N)C,2-Ethyl-6-methylaniline
CC(C)CC1=NC=CN=C1OC,2-Isobutyl-3-methoxypyrazine
CC(CO)OCC(C)OCC(C)O,2-(2-(2-Hydroxypropoxy)propoxy)-1-propanol
CC(CO)OCC(C)O,2-(2-Hydroxypropoxy)-1-propanol
CC(C)CCCCCCCO,Isodecanol
CC(CO)OC(C)COC(C)COC,2-(2-(2-Methoxy-1-methyl-ethoxy)-1-methyl-ethoxy)propan-1-OL
C1=CC(=C(C(=C1)Cl)[N+](=O)[O-])[N+](=O)[O-],"1-Chloro-2,3-dinitrobenzene"
CC(=O)OCC(CO)O,Glyceryl Acetate
CCCCCCC=CC,Non-2-ene
CNC1=C(C(=O)N(N=C1)C2=CC=CC(=C2)C(F)(F)F)Cl,Norflurazon
CCC1C(=O)C(=C(O1)C)O,Homofuraneol
CCCCCC1=CC=CC(=O)O1,6-n-pentyl-2H-pyran-2-one
CC1=C(SC=C1)C,"2,3-Dimethylthiophene"
CC1=CC(=CS1)C,"2,4-Dimethylthiophene"
CC1C(CCO1)O,2-Methyloxolan-3-ol
CC1=CN(C(=O)NC1=O)C2CC(C(O2)CO)N=[N+]=[N-],"1-[(2R,4R,5S)-4-Azido-5-(hydroxymethyl)oxolan-2-YL]-5-methyl-pyrimidine-2,4-dione"
CC1=CC(=O)NS(=O)(=O)O1,Acesulfame
CCCSP(=S)(OCC)OC1=CC=C(C=C1)SC,Sulprofos
CC(C)(C)C(=NOC(=O)NC)CSC,Thiofanox
CCC1=C(C(=CC=C1)CC)CC,Triethylbenzene
CC(C)(C)C(=O)C(N1C=NC=N1)OC2=CC=C(C=C2)Cl,Triadimefon
CC1(C(=O)N(C(=O)O1)C2=CC(=CC(=C2)Cl)Cl)C=C,Vinclozolin
C(CO[N+](=O)[O-])O[N+](=O)[O-],Ethylene glycol dinitrate
CC1=C(S(=O)(=O)CCS1(=O)=O)C,Dimethipin
CCCC1COC(O1)(CN2C=NC=N2)C3=C(C=C(C=C3)Cl)Cl,Propiconazole
CC1N=C(CO1)C,"2,4-Dimethyl-3-oxazoline"
COC(=O)CBr,Methyl bromoacetate
C1CCC(CC1)[Si](Cl)(Cl)Cl,Cyclohexyltrichlorosilane
C1CC(OC=C1)C=O,Acrolein dimer
C1=CC=C(C=C1)CC(=O)OCC2=CC=CC=C2,Benzyl phenylacetate
CC1=CC=C(C=C1)CC=O,Lilac acetaldehyde
C1=CC(=CC=C1N=C=O)N=C=O,"1,4-Diisocyanatobenzene"
CCN(CC)CCCN,"N,N-Diethyl-1,3-propanediamine"
CC(=CC=O)C,3-Methyl-2-butenal
CCCN=C=O,Propyl isocyanate
CC1=C(C(CC=C1)(C)C)C=O,Safranal
C1COCCN1CCCN,N-(3-Aminopropyl)morpholine
CCC(=O)C=CC1C(=CCCC1(C)C)C,"5-(2,6,6-Trimethyl-2-cyclohexen-1-yl)-4-penten-3-one"
C(=C(F)F)(C(F)(F)F)C(F)(F)F,"1,1,3,3,3-Pentafluoro-2-(trifluoromethyl)-1-propene"
C(C(C(F)(F)Cl)(F)Cl)(F)F,"1,2-Dichloro-1,1,2,3,3-pentafluoropropane"
C(C(C(F)(F)F)(F)Cl)(F)Cl,"2,3-Dichloro-1,1,1,2,3-pentafluoropropane"
C(C(C(F)(F)F)(F)F)(Cl)Cl,"3,3-Dichloro-1,1,1,2,2-pentafluoropropane"
C(C(F)(F)F)(C(F)(F)Cl)Cl,"1,2-Dichloro-1,1,3,3,3-pentafluoropropane"
CCCCOCC1=CC=CC=C1,Benzyl butyl ether
CCCCOC(=O)Cl,Butyl chloroformate
C[As](Cl)Cl,As-Methylarsonous dichloride
C(C(=O)Br)Br,Bromoacetyl bromide
CCNC1=CC=C(C=C1)C,N-Ethyl-p-toluidine
CCCCC(=O)Cl,Valeryl chloride
CP(Cl)Cl,Methyl phosphonous dichloride
CP(=S)(Cl)Cl,"methyl phosphonothioic dichloride, (anhydrous)"
CN(C)CC#N,Dimethylaminoacetonitrile
CCP(=S)(Cl)Cl,"ethyl phosphonothioic dichloride, anhydrous"
CC(COC(=O)C=C)O,2-Hydroxypropyl acrylate
CCCCCO[N+](=O)[O-],Amyl Nitrate
CCCCCCCCOC(=O)C1=CC(=C(C(=C1)O)O)O,Octyl Gallate
C(=N)(N)S(=O)O,Thiourea dioxide
CC(C)N=C=O,Isopropyl isocyanate
CCCCC(CC)COC(=O)COC1=C(C=C(C=C1)Cl)Cl,"2-Ethylhexyl (2,4-dichlorophenoxy)acetate"
CCCCCC(=O)C=C,1-Octen-3-one
COC1=C(C=C(C=C1)C=C)OC,"3,4-Dimethoxystyrene"
CCCCCCCCC(=O)OCC=C,Allyl nonanoate
C=CCCCCCCCCC(=O)OCC=C,Allyl 10-undecenoate
CCCCC(=O)OCCC(C)CCC=C(C)C,Citronellyl valerate
CCCCCCCCCCCC(=O)OC1=CC=C(C=C1)C,p-Tolyl laurate
N(Cl)(Cl)Cl,Nitrogen trichloride
CCCCCCOC(=O)CC(C)C,Hexyl isovalerate
C1CC(CC=C1)[Si](Cl)(Cl)Cl,Cyclohexenyltrichlorosilane
Cl[Mo](Cl)(Cl)(Cl)Cl,Molybdenum pentachloride
N(=O)[N+](=O)[O-],Nitrogen trioxide
C(C(C(F)(Cl)Cl)(F)F)(F)F,"1,1-Dichloro-1,2,2,3,3-pentafluoropropane"
COCC1=CC=CO1,Furfuryl methyl ether
CSC(=O)C1=CC=CO1,Methyl 2-thiofuroate
ClBr,BROMINE CHLORIDE (BrCl)
CC1=CCC(CC1)C(C)(C)OC(=O)C2=CC=CC=C2N,Terpinyl o-aminobenzoate
C(CC(CBr)(C#N)Br)C#N,"1,2-Dibromo-2,4-dicyanobutane"
CCC(CC(C)C)COC(=O)COC1=C(C=C(C=C1)Cl)Cl,"2,4-D 2-Ethyl-4-methylpentyl ester"
CCC1=NC(=C(O1)C)C,"2-Ethyl-4,5-dimethyloxazole"
CC1=CC(=C(O1)C)SC(=O)C2=CC=CO2,"S-(2,5-Dimethyl-3-furanyl) 2-furancarbothioate"
CC=CC=C,"Penta-1,3-diene"
C(C(F)(F)F)(C(F)(Cl)Cl)F,"1,1-Dichloro-1,2,3,3,3-pentafluoropropane"
C(C(C(F)(F)F)(Cl)Cl)(F)F,"2,2-Dichloro-1,1,1,3,3-pentafluoropropane"
C(C(F)(F)Cl)(C(F)(F)Cl)F,"1,3-Dichloro-1,1,2,3,3-pentafluoropropane"
CCC(=O)Cl,Propionyl chloride
CC(C(=O)O)S,(+-)-2-Mercaptopropionic acid
CC1CCC(OC(=O)C1)C(C)C,"6-Hydroxy-3,7-dimethyloctanoic acid lactone"
C(C(C(F)(F)Cl)(F)F)(F)Cl,"1,3-Dichloro-1,1,2,2,3-pentafluoropropane"
CC(C)COC(=O)Cl,Isobutyl chloroformate
S=[Hg],Cinnabar
CC(C)(C)N=C=O,tert-Butyl isocyanate
CCOC(C=C)OCC,"3,3-Diethoxy-1-propene"
C(S(=O)(=O)C(Cl)(Cl)Cl)(Cl)(Cl)Cl,Bis(TRICHLOROMETHYL) SULFONE
CC(C)(C)C(=O)Cl,Pivaloyl chloride
CCCCCCCCCCCS,1-Undecanethiol
FS(F)(F)(F)(F)S(F)(F)(F)(F)F,Sulfur fluoride (S2F10)
COCN=C=O,Methoxymethyl isocyanate
C(OC(=O)Cl)Cl,Chloromethyl chloroformate
CC1=C(C=C(C=C1)N=C=O)Cl,3-Chloro-4-methylphenyl isocyanate
CC1C(=C(C(=O)O1)O)C,Sotolone
CCCCCCC(C)(C)C(=O)O,"2,2-Dimethyloctanoic acid"
CC(=O)C1CCC(=O)O1,Solerone
C1=CC(=C(C(=C1)Cl)Cl)C2=C(C=C(C=C2)Cl)Cl,"2,2',3,4'-Tetrachlorobiphenyl"
C=CCSS(=O)CC=C,Allicin
CC1SCCSS1,"3-Methyl-1,2,4-trithiane"
CC1CCC2(O1)C(CCCC2(C)O)(C)C,6-Hydroxydihydrotheaspirane
CC(=O)OCC(CO)OC(=O)C,Diacetin
COC1=CC=C(C2=CC=CC=C21)O,4-Methoxy-1-naphthol
C1=CC=C(C(=C1)CN)Cl,2-Chlorobenzylamine
C=CC1=CC=CC=C1C=C,"1,2-Diethenylbenzene"
C1=CC=C(C=C1)C(=O)OCCCOCCCOC(=O)C2=CC=CC=C2,"3,3'-Oxybis-1-propanol dibenzoate"
CCCCCCCCCC1=CC=CC=C1O,Nonylphenol
CCN(CC)CCOCCO,Diethylaminoethoxyethanol
C1=NNN=N1,1H-Tetrazole
C1SSCSSS1,Lenthionine
C1=CC=C(C=C1)CC(=O)NCC(=O)O,Phenylacetylglycine
C1=CC(=CC=C1CN)CN,"1,4-Benzenedimethanamine"
CC(=CCCC1=COC=C1)C,Perillene
CNC1CCC(C2=CC=CC=C12)C3=CC(=C(C=C3)Cl)Cl,"4-(3,4-Dichlorophenyl)-1,2,3,4-tetrahydro-N-methyl-1-naphthalenamine"
CCCCCCCC(=O)OCCC,Propyl octanoate
C1=C(C(=O)NC(=O)N1)I,5-Iodouracil
CCCCCC(C)(C)S,2-Methyl-2-heptanethiol
C1CC(C2=CC=CC=C2C1)OO,Tetralin hydroperoxide
CCOP(=O)(O)O,Monoethyl phosphate
CCOC(=O)C1=CC=CC=C1C(=O)O,Monoethyl phthalate
C1=CC=C(C=C1)OP(=O)(OC2=CC=CC=C2)Cl,Diphenyl chlorophosphate
CC1=C(C=CS1)S,3-Mercapto-2-methylthiophene
CC1=NC=CN=C1SC,"Pyrazine, methyl(methylthio)-"
CC1=CN=C(S1)C,"2,5-Dimethylthiazole"
CC1=CC(=CC(=C1)OC)OC,"3,5-Dimethoxytoluene"
CC1CCCNC1,3-Methylpiperidine
CC1=CSC=C1C,"3,4-Dimethylthiophene"
CCOC(=O)C(=C)C#N,Ethyl cyanoacrylate
C1CN(CCN1CCCN)CCCN,"1,4-Bis(3-aminopropyl)piperazine"
CCCCCCCCCCN(C)CCCCCCCCCC,"1-Decanamine, N-decyl-N-methyl-"
N(=O)OS(=O)(=O)O,Nitrosylsulfuric acid
CCCCCCC=CCCO,(3E)-3-Decen-1-ol
CC1=CCC(C1(C)C)CC#N,"3-Cyclopentene-1-acetonitrile, 2,2,3-trimethyl-"
CCCC1CCCOC1=O,3-Propyloxan-2-one
CC1COCC2=CC3=C(C=C12)C(C(C3(C)C)C)(C)C,Galaxolide
CC1(C2CC1C3(C(C2)O3)C)C,alpha-Pinene oxide
CC(C)CC(C)(C#N)N=NC(C)(CC(C)C)C#N,"2,2'-Azobis(2,4-dimethylvaleronitrile)"
CC1C(C2=C(C1(C)C)C=C(C(=C2)C(=O)C)C)C(C)C,"Ethanone, 1-[2,3-dihydro-1,1,2,6-tetramethyl-3-(1-methylethyl)-1H-inden-5-yl]-"
CC(=C)C1CC(CCC1(C)C=C)C(C)(C)O,2-(4-Ethenyl-4-methyl-3-(prop-1-en-2-yl)cyclohexyl)propan-2-ol
CCCCCCCC(C)CC,3-Methyldecane
CC(C)CC(C)(C#N)N,"2-Amino-2,4-dimethylpentanenitrile"
CC(COC(C)(C)C)O,1-tert-Butoxy-2-propanol
C1C(OC2=C(C1=O)C=CC(=C2)O)C3=CC(=C(C=C3)O)O,"3',4',7-Trihydroxyflavaonone"
CC12CCCC1C3CCC4CC(CCC4(C3CC2)C)O,Androstan-3-ol
CCC(C)(C#N)N=NC(C)(CC)C#N,"2,2'-Azobis(2-methylbutyronitrile)"
CCCCC1=C(SC=N1)C,"Thiazole, 4-butyl-5-methyl-"
CCCC1=C(N=CS1)CC,4-Ethyl-5-propylthiazole
CC(=CCC(CO)C(=C)C)C,"Lavandulol, (+-)-"
CC1=CCC(CC1O)C(=C)C,Carveol
C=CC(=O)OCC1CCCO1,Tetrahydrofurfuryl acrylate
CCCCCCCCCCCCOCC,1-Ethoxydodecane
CC1=CCC(C1(C)C)CC=O,"3-Cyclopentene-1-acetaldehyde, 2,2,3-trimethyl-"
