question_ID,compound.name_1,SMILES_1,compound.name_2,SMILES_2,OPTIONS,question_category,prompt.1,prompt.2,answer,other_info
1,"Tricyclo[3.3.1.1.(3.7)]decan-2-ol, 4-methyl-8-methylene-",CC1C2CC3CC1C(C(C2)C3=C)O,,,Ароматен; Тютюн като; Морски; Пикантен; ,primary_odor_descriptor,Какъв е основният дескриптор на миризмата на молекулата? [CC1C2CC3CC1C(C(C2)C3=C)O]? Изберете само едно от [Ароматен; Тютюн като; Морски; Пикантен; ]. Не пишете коментари.,"Какъв е основният дескриптор на миризмата на молекулата? [Tricyclo[3.3.1.1.(3.7)]decan-2-ol, 4-methyl-8-methylene-]? Изберете само едно от [Ароматен; Тютюн като; Морски; Пикантен; ]. Не пишете коментари.",Пикантен,Descriptor 2=Herbal;Descriptor 3=Camphoraceous
2,"2,4,6-Trimethylphenol",CC1=CC(=C(C(=C1)C)O)C,,,Цветя; Дим; Сярен; Морски; ,primary_odor_descriptor,Какъв е основният дескриптор на миризмата на молекулата? [CC1=CC(=C(C(=C1)C)O)C]? Изберете само едно от [Цветя; Дим; Сярен; Морски; ]. Не пишете коментари.,"Какъв е основният дескриптор на миризмата на молекулата? [2,4,6-Trimethylphenol]? Изберете само едно от [Цветя; Дим; Сярен; Морски; ]. Не пишете коментари.",Дим,Descriptor 2=Phenolic;Descriptor 3=Coffee
3,Octanal diethyl acetal,CCCCCCCC(OCC)OCC,,,Зелено; Мед; Билкови; Морски; ,primary_odor_descriptor,Какъв е основният дескриптор на миризмата на молекулата? [CCCCCCCC(OCC)OCC]? Изберете само едно от [Зелено; Мед; Билкови; Морски; ]. Не пишете коментари.,Какъв е основният дескриптор на миризмата на молекулата? [Octanal diethyl acetal]? Изберете само едно от [Зелено; Мед; Билкови; Морски; ]. Не пишете коментари.,Зелено,Descriptor 2=Citrus;Descriptor 3=Oily
4,"Octahydro-1,1,2,3,3-pentamethyl-1H-indene",CC1C(C2CCCCC2C1(C)C)(C)C,,,Сярен; Кехлибар; Пикантен; Муск като; ,primary_odor_descriptor,Какъв е основният дескриптор на миризмата на молекулата? [CC1C(C2CCCCC2C1(C)C)(C)C]? Изберете само едно от [Сярен; Кехлибар; Пикантен; Муск като; ]. Не пишете коментари.,"Какъв е основният дескриптор на миризмата на молекулата? [Octahydro-1,1,2,3,3-pentamethyl-1H-indene]? Изберете само едно от [Сярен; Кехлибар; Пикантен; Муск като; ]. Не пишете коментари.",Муск като,Descriptor 2=Warm;Descriptor 3=Floral
5,alpha-Ionol,CC1=CCCC(C1/C=C/C(C)O)(C)C,,,Пикантен; Морски; Озон; Прах; ,primary_odor_descriptor,Какъв е основният дескриптор на миризмата на молекулата? [CC1=CCCC(C1/C=C/C(C)O)(C)C]? Изберете само едно от [Пикантен; Морски; Озон; Прах; ]. Не пишете коментари.,Какъв е основният дескриптор на миризмата на молекулата? [alpha-Ionol]? Изберете само едно от [Пикантен; Морски; Озон; Прах; ]. Не пишете коментари.,Прах,Descriptor 2=Floral;Descriptor 3=Gourmand
6,"2,3,4,4a,5,6-hexahydro-2,2-dimethyl-1,3-methanonaphthalen-7(1H)-one",CC1([C@H]2C[C@H]3CCC(=O)C=C3[C@@H]1C2)C,,,Муск като; Прах; Цитрусови плодове; Дим; ,primary_odor_descriptor,Какъв е основният дескриптор на миризмата на молекулата? [CC1([C@H]2C[C@H]3CCC(=O)C=C3[C@@H]1C2)C]? Изберете само едно от [Муск като; Прах; Цитрусови плодове; Дим; ]. Не пишете коментари.,"Какъв е основният дескриптор на миризмата на молекулата? [2,3,4,4a,5,6-hexahydro-2,2-dimethyl-1,3-methanonaphthalen-7(1H)-one]? Изберете само едно от [Муск като; Прах; Цитрусови плодове; Дим; ]. Не пишете коментари.",Прах,Descriptor 2=Woody;Descriptor 3=Tobacco
7,Piperine,C1CCN(CC1)C(=O)/C=C/C=C/C2=CC3=C(C=C2)OCO3,,,Мед; Балсамико; Цветя; Землив; ,primary_odor_descriptor,Какъв е основният дескриптор на миризмата на молекулата? [C1CCN(CC1)C(=O)/C=C/C=C/C2=CC3=C(C=C2)OCO3]? Изберете само едно от [Мед; Балсамико; Цветя; Землив; ]. Не пишете коментари.,Какъв е основният дескриптор на миризмата на молекулата? [Piperine]? Изберете само едно от [Мед; Балсамико; Цветя; Землив; ]. Не пишете коментари.,Балсамико,Descriptor 2=Animal Like;Descriptor 3=Peppery
8,"Cyclododecaneethanol, .beta.-methyl-",CC(CO)C1CCCCCCCCCCC1,,,Кехлибар; Мед; Животноподобен; Анисов; ,primary_odor_descriptor,Какъв е основният дескриптор на миризмата на молекулата? [CC(CO)C1CCCCCCCCCCC1]? Изберете само едно от [Кехлибар; Мед; Животноподобен; Анисов; ]. Не пишете коментари.,"Какъв е основният дескриптор на миризмата на молекулата? [Cyclododecaneethanol, .beta.-methyl-]? Изберете само едно от [Кехлибар; Мед; Животноподобен; Анисов; ]. Не пишете коментари.",Кехлибар,Descriptor 2=Dry;Descriptor 3=Woody
9,11-Oxahexadecanolide,C1CCCCC(=O)OCCCCCOCCCC1,,,Уди; Муск като; Тютюн като; Плодов; ,primary_odor_descriptor,Какъв е основният дескриптор на миризмата на молекулата? [C1CCCCC(=O)OCCCCCOCCCC1]? Изберете само едно от [Уди; Муск като; Тютюн като; Плодов; ]. Не пишете коментари.,Какъв е основният дескриптор на миризмата на молекулата? [11-Oxahexadecanolide]? Изберете само едно от [Уди; Муск като; Тютюн като; Плодов; ]. Не пишете коментари.,Муск като,Descriptor 2=Powdery;Descriptor 3=Creamy
10,"2-Octen-1-ol, 1-acetate",CCCCC/C=C/COC(=O)C,,,Анисов; Ароматен; Балсамико; Землив; ,primary_odor_descriptor,Какъв е основният дескриптор на миризмата на молекулата? [CCCCC/C=C/COC(=O)C]? Изберете само едно от [Анисов; Ароматен; Балсамико; Землив; ]. Не пишете коментари.,"Какъв е основният дескриптор на миризмата на молекулата? [2-Octen-1-ol, 1-acetate]? Изберете само едно от [Анисов; Ароматен; Балсамико; Землив; ]. Не пишете коментари.",Землив,Descriptor 2=Mushroom;Descriptor 3=Lavender
11,"Methyl 2,4-dihydroxy-m-toluate",CC1=C(C=CC(=C1O)C(=O)OC)O,,,Храна като; Балсамико; Мента; Морски; ,primary_odor_descriptor,Какъв е основният дескриптор на миризмата на молекулата? [CC1=C(C=CC(=C1O)C(=O)OC)O]? Изберете само едно от [Храна като; Балсамико; Мента; Морски; ]. Не пишете коментари.,"Какъв е основният дескриптор на миризмата на молекулата? [Methyl 2,4-dihydroxy-m-toluate]? Изберете само едно от [Храна като; Балсамико; Мента; Морски; ]. Не пишете коментари.",Морски,Descriptor 2=Mossy;Descriptor 3=Aldehydic
12,3-Octen-2-one,CCCC/C=C/C(=O)C,,,Кехлибар; Гурман; Землив; Морски; ,primary_odor_descriptor,Какъв е основният дескриптор на миризмата на молекулата? [CCCC/C=C/C(=O)C]? Изберете само едно от [Кехлибар; Гурман; Землив; Морски; ]. Не пишете коментари.,Какъв е основният дескриптор на миризмата на молекулата? [3-Octen-2-one]? Изберете само едно от [Кехлибар; Гурман; Землив; Морски; ]. Не пишете коментари.,Землив,Descriptor 2=Mushroom;Descriptor 3=Sweet
13,Isoeugenol benzoate,CC=CC1=CC(=C(C=C1)OC(=O)C2=CC=CC=C2)OC,,,Анисов; Балсамико; Цитрусови плодове; Сярен; ,primary_odor_descriptor,Какъв е основният дескриптор на миризмата на молекулата? [CC=CC1=CC(=C(C=C1)OC(=O)C2=CC=CC=C2)OC]? Изберете само едно от [Анисов; Балсамико; Цитрусови плодове; Сярен; ]. Не пишете коментари.,Какъв е основният дескриптор на миризмата на молекулата? [Isoeugenol benzoate]? Изберете само едно от [Анисов; Балсамико; Цитрусови плодове; Сярен; ]. Не пишете коментари.,Балсамико,Descriptor 2=Spicy;Descriptor 3=Floral
14,2-Ethyl-1-hexanol,CCCCC(CC)CO,,,Дим; Камфорен; Киселинни; Муск като; ,primary_odor_descriptor,Какъв е основният дескриптор на миризмата на молекулата? [CCCCC(CC)CO]? Изберете само едно от [Дим; Камфорен; Киселинни; Муск като; ]. Не пишете коментари.,Какъв е основният дескриптор на миризмата на молекулата? [2-Ethyl-1-hexanol]? Изберете само едно от [Дим; Камфорен; Киселинни; Муск като; ]. Не пишете коментари.,Камфорен,Descriptor 2=Aldehydic;Descriptor 3=Sweet
15,Anethole (isomer unspecified),C/C=C/C1=CC=C(C=C1)OC,,,Сярен; Анисов; Цитрусови плодове; Алдехиден; ,primary_odor_descriptor,Какъв е основният дескриптор на миризмата на молекулата? [C/C=C/C1=CC=C(C=C1)OC]? Изберете само едно от [Сярен; Анисов; Цитрусови плодове; Алдехиден; ]. Не пишете коментари.,Какъв е основният дескриптор на миризмата на молекулата? [Anethole (isomer unspecified)]? Изберете само едно от [Сярен; Анисов; Цитрусови плодове; Алдехиден; ]. Не пишете коментари.,Анисов,Descriptor 2=Green;Descriptor 3=Herbal
16,3-Methyl-2-butenal,CC(=CC=O)C,,,Дим; Прах; Муск като; Алдехиден; ,primary_odor_descriptor,Какъв е основният дескриптор на миризмата на молекулата? [CC(=CC=O)C]? Изберете само едно от [Дим; Прах; Муск като; Алдехиден; ]. Не пишете коментари.,Какъв е основният дескриптор на миризмата на молекулата? [3-Methyl-2-butenal]? Изберете само едно от [Дим; Прах; Муск като; Алдехиден; ]. Не пишете коментари.,Алдехиден,Descriptor 2=Fruity;Descriptor 3=Nutty
17,Methoxy dicyclopentadiene carboxaldehyde,COC1CC2CC1C3C2CC(C3)C=O,,,Кехлибар; Морски; Киселинни; Землив; ,primary_odor_descriptor,Какъв е основният дескриптор на миризмата на молекулата? [COC1CC2CC1C3C2CC(C3)C=O]? Изберете само едно от [Кехлибар; Морски; Киселинни; Землив; ]. Не пишете коментари.,Какъв е основният дескриптор на миризмата на молекулата? [Methoxy dicyclopentadiene carboxaldehyde]? Изберете само едно от [Кехлибар; Морски; Киселинни; Землив; ]. Не пишете коментари.,Морски,Descriptor 2=Aldehydic;Descriptor 3=Floral
18,Decanenitrile,CCCCCCCCCC#N,,,Дим; Ароматен; Цитрусови плодове; Морски; ,primary_odor_descriptor,Какъв е основният дескриптор на миризмата на молекулата? [CCCCCCCCCC#N]? Изберете само едно от [Дим; Ароматен; Цитрусови плодове; Морски; ]. Не пишете коментари.,Какъв е основният дескриптор на миризмата на молекулата? [Decanenitrile]? Изберете само едно от [Дим; Ароматен; Цитрусови плодове; Морски; ]. Не пишете коментари.,Цитрусови плодове,Descriptor 2=Tropical-Fruit;Descriptor 3=Green
19,sec-Butylquinoline,CCC(C)C1=CC2=C(C=C1)N=CC=C2,,,Камфорен; Билкови; Уди; Животноподобен; ,primary_odor_descriptor,Какъв е основният дескриптор на миризмата на молекулата? [CCC(C)C1=CC2=C(C=C1)N=CC=C2]? Изберете само едно от [Камфорен; Билкови; Уди; Животноподобен; ]. Не пишете коментари.,Какъв е основният дескриптор на миризмата на молекулата? [sec-Butylquinoline]? Изберете само едно от [Камфорен; Билкови; Уди; Животноподобен; ]. Не пишете коментари.,Животноподобен,Descriptor 2=Leathery;Descriptor 3=Green
20,trans-Isoeugenol,C/C=C/C1=CC(=C(C=C1)O)OC,,,Гурман; Билкови; Пикантен; Сярен; ,primary_odor_descriptor,Какъв е основният дескриптор на миризмата на молекулата? [C/C=C/C1=CC(=C(C=C1)O)OC]? Изберете само едно от [Гурман; Билкови; Пикантен; Сярен; ]. Не пишете коментари.,Какъв е основният дескриптор на миризмата на молекулата? [trans-Isoeugenol]? Изберете само едно от [Гурман; Билкови; Пикантен; Сярен; ]. Не пишете коментари.,Пикантен,Descriptor 2=Clove;Descriptor 3=Floral
21,"alpha,alpha-Dimethyl-p-ethylphenylpropanal",CCC1=CC=C(C=C1)CC(C)(C)C=O,,,Анисов; Озон; Ароматен; Прах; ,primary_odor_descriptor,Какъв е основният дескриптор на миризмата на молекулата? [CCC1=CC=C(C=C1)CC(C)(C)C=O]? Изберете само едно от [Анисов; Озон; Ароматен; Прах; ]. Не пишете коментари.,"Какъв е основният дескриптор на миризмата на молекулата? [alpha,alpha-Dimethyl-p-ethylphenylpropanal]? Изберете само едно от [Анисов; Озон; Ароматен; Прах; ]. Не пишете коментари.",Озон,Descriptor 2=Floral;Descriptor 3=Aldehydic
22,p-Tolyl 3-methylbutyrate,CC1=CC=C(C=C1)OC(=O)CC(C)C,,,Тютюн като; Муск като; Кехлибар; Сярен; ,primary_odor_descriptor,Какъв е основният дескриптор на миризмата на молекулата? [CC1=CC=C(C=C1)OC(=O)CC(C)C]? Изберете само едно от [Тютюн като; Муск като; Кехлибар; Сярен; ]. Не пишете коментари.,Какъв е основният дескриптор на миризмата на молекулата? [p-Tolyl 3-methylbutyrate]? Изберете само едно от [Тютюн като; Муск като; Кехлибар; Сярен; ]. Не пишете коментари.,Тютюн като,Descriptor 2=Spicy;Descriptor 3=Herbal
23,"Oxacyclohexadecane-2,13-dione",C1CCCCCC(=O)OCCCC(=O)CCCC1,,,Муск като; Дим; Плодов; Цветя; ,primary_odor_descriptor,Какъв е основният дескриптор на миризмата на молекулата? [C1CCCCCC(=O)OCCCC(=O)CCCC1]? Изберете само едно от [Муск като; Дим; Плодов; Цветя; ]. Не пишете коментари.,"Какъв е основният дескриптор на миризмата на молекулата? [Oxacyclohexadecane-2,13-dione]? Изберете само едно от [Муск като; Дим; Плодов; Цветя; ]. Не пишете коментари.",Муск като,Descriptor 2=Sweet;Descriptor 3=Powdery
24,Anise seed oil,CCCCCCC(CC=CCCCCCCCC(=O)OCCN(CCOC(=O)CCCCCCCC=CCC(CCCCCC)O)CCOC(=O)CCCCCCCC=CCC(CCCCCC)O)O,,,Пикантен; Цветя; Анисов; Тютюн като; ,primary_odor_descriptor,Какъв е основният дескриптор на миризмата на молекулата? [CCCCCCC(CC=CCCCCCCCC(=O)OCCN(CCOC(=O)CCCCCCCC=CCC(CCCCCC)O)CCOC(=O)CCCCCCCC=CCC(CCCCCC)O)O]? Изберете само едно от [Пикантен; Цветя; Анисов; Тютюн като; ]. Не пишете коментари.,Какъв е основният дескриптор на миризмата на молекулата? [Anise seed oil]? Изберете само едно от [Пикантен; Цветя; Анисов; Тютюн като; ]. Не пишете коментари.,Анисов,Descriptor 2=Herbal;Descriptor 3=Liquorice
25,"2,6-Dimethyl-10-methylene-2,6,11-dodecatrienal",C/C(=C\CCC(=C)C=C)/CC/C=C(\C)/C=O,,,Муск като; Ароматен; Прах; Цитрусови плодове; ,primary_odor_descriptor,Какъв е основният дескриптор на миризмата на молекулата? [C/C(=C\CCC(=C)C=C)/CC/C=C(\C)/C=O]? Изберете само едно от [Муск като; Ароматен; Прах; Цитрусови плодове; ]. Не пишете коментари.,"Какъв е основният дескриптор на миризмата на молекулата? [2,6-Dimethyl-10-methylene-2,6,11-dodecatrienal]? Изберете само едно от [Муск като; Ароматен; Прах; Цитрусови плодове; ]. Не пишете коментари.",Цитрусови плодове,Descriptor 2=Mandarin;Descriptor 3=Aldehydic
26,"1-Phenyl-1,2-propanedione",CC(=O)C(=O)C1=CC=CC=C1,,,Киселинни; Животноподобен; Ароматен; Мед; ,primary_odor_descriptor,Какъв е основният дескриптор на миризмата на молекулата? [CC(=O)C(=O)C1=CC=CC=C1]? Изберете само едно от [Киселинни; Животноподобен; Ароматен; Мед; ]. Не пишете коментари.,"Какъв е основният дескриптор на миризмата на молекулата? [1-Phenyl-1,2-propanedione]? Изберете само едно от [Киселинни; Животноподобен; Ароматен; Мед; ]. Не пишете коментари.",Ароматен,Descriptor 2=Phenolic;Descriptor 3=Dry
27,Methyl phenylacetate,COC(=O)CC1=CC=CC=C1,,,Храна като; Цитрусови плодове; Мед; Уди; ,primary_odor_descriptor,Какъв е основният дескриптор на миризмата на молекулата? [COC(=O)CC1=CC=CC=C1]? Изберете само едно от [Храна като; Цитрусови плодове; Мед; Уди; ]. Не пишете коментари.,Какъв е основният дескриптор на миризмата на молекулата? [Methyl phenylacetate]? Изберете само едно от [Храна като; Цитрусови плодове; Мед; Уди; ]. Не пишете коментари.,Мед,Descriptor 2=Sweet;Descriptor 3=Floral
28,"Octahydro-7,7,8,8-tetramethyl-2,3b-methano-3bH-
cyclopenta[1,3]cyclopropa[1,2]benzene-4-methanol",CC1(CCC(C23C14C2CC(C4)C3(C)C)CO)C,,,Анисов; Кехлибар; Морски; Сярен; ,primary_odor_descriptor,Какъв е основният дескриптор на миризмата на молекулата? [CC1(CCC(C23C14C2CC(C4)C3(C)C)CO)C]? Изберете само едно от [Анисов; Кехлибар; Морски; Сярен; ]. Не пишете коментари.,"Какъв е основният дескриптор на миризмата на молекулата? [Octahydro-7,7,8,8-tetramethyl-2,3b-methano-3bH-
cyclopenta[1,3]cyclopropa[1,2]benzene-4-methanol]? Изберете само едно от [Анисов; Кехлибар; Морски; Сярен; ]. Не пишете коментари.",Кехлибар,Descriptor 2=Sage;Descriptor 3=Warm
29,Vanilla absolute,CC1=CC=C(C=C1)CC(=O)C2C3=CC=CC(=C3C(CN2C(=O)C=CC4=C(C=CC(=C4F)Cl)N5C=NN=N5)(C)C)C6=CC=C(C=C6)C(=O)NC.CC1=CC=C(C=C1)CC(=O)C2C3=CC=CC(=C3C(CN2C(=O)C=CC4=C(C=CC(=C4F)Cl)N5C=NN=N5)(C)C)C6=CC=C(C=C6)[N+](=O)[O-].CC1(CN(C(C2=CC=CC(=C21)C3=CC=C(C=C3)C(=O)N)C(=O)CC4=CC=C(C=C4)C(=O)O)C(=O)C=CC5=C(C=CC(=C5F)Cl)N6C=NN=N6)C,,,Гурман; Озон; Морски; Кехлибар; ,primary_odor_descriptor,Какъв е основният дескриптор на миризмата на молекулата? [CC1=CC=C(C=C1)CC(=O)C2C3=CC=CC(=C3C(CN2C(=O)C=CC4=C(C=CC(=C4F)Cl)N5C=NN=N5)(C)C)C6=CC=C(C=C6)C(=O)NC.CC1=CC=C(C=C1)CC(=O)C2C3=CC=CC(=C3C(CN2C(=O)C=CC4=C(C=CC(=C4F)Cl)N5C=NN=N5)(C)C)C6=CC=C(C=C6)[N+](=O)[O-].CC1(CN(C(C2=CC=CC(=C21)C3=CC=C(C=C3)C(=O)N)C(=O)CC4=CC=C(C=C4)C(=O)O)C(=O)C=CC5=C(C=CC(=C5F)Cl)N6C=NN=N6)C]? Изберете само едно от [Гурман; Озон; Морски; Кехлибар; ]. Не пишете коментари.,Какъв е основният дескриптор на миризмата на молекулата? [Vanilla absolute]? Изберете само едно от [Гурман; Озон; Морски; Кехлибар; ]. Не пишете коментари.,Кехлибар,Descriptor 2=Creamy;Descriptor 3=Vanilla
30,2-Acetyl-3-methylpyrazine,CC1=NC=CN=C1C(=O)C,,,Храна като; Сярен; Зелено; Муск като; ,primary_odor_descriptor,Какъв е основният дескриптор на миризмата на молекулата? [CC1=NC=CN=C1C(=O)C]? Изберете само едно от [Храна като; Сярен; Зелено; Муск като; ]. Не пишете коментари.,Какъв е основният дескриптор на миризмата на молекулата? [2-Acetyl-3-methylpyrazine]? Изберете само едно от [Храна като; Сярен; Зелено; Муск като; ]. Не пишете коментари.,Храна като,Descriptor 2=Nutty;Descriptor 3=Roasted
31,Anisyl alcohol,COC1=CC=C(C=C1)CO,,,Пикантен; Цветя; Анисов; Гурман; ,primary_odor_descriptor,Какъв е основният дескриптор на миризмата на молекулата? [COC1=CC=C(C=C1)CO]? Изберете само едно от [Пикантен; Цветя; Анисов; Гурман; ]. Не пишете коментари.,Какъв е основният дескриптор на миризмата на молекулата? [Anisyl alcohol]? Изберете само едно от [Пикантен; Цветя; Анисов; Гурман; ]. Не пишете коментари.,Анисов,Descriptor 2=Sweet;Descriptor 3=Licorice
32,"1,3-Dioxane, 2-(2,4-dimethyl-3-cyclohexene-1-yl)-5-methyl-5-(1-methylpropyl)-",CCC(C)C1(COC(OC1)C2CCC(=CC2C)C)C,,,Кехлибар; Киселинни; Сярен; Прах; ,primary_odor_descriptor,Какъв е основният дескриптор на миризмата на молекулата? [CCC(C)C1(COC(OC1)C2CCC(=CC2C)C)C]? Изберете само едно от [Кехлибар; Киселинни; Сярен; Прах; ]. Не пишете коментари.,"Какъв е основният дескриптор на миризмата на молекулата? [1,3-Dioxane, 2-(2,4-dimethyl-3-cyclohexene-1-yl)-5-methyl-5-(1-methylpropyl)-]? Изберете само едно от [Кехлибар; Киселинни; Сярен; Прах; ]. Не пишете коментари.",Кехлибар,Descriptor 2=Dry;Descriptor 3=Woody
33,1-Methyl-4-(4-methyl-3-pentenyl)cyclohex-3-ene-1-carbaldehyde,CC(=CCCC1=CCC(CC1)(C)C=O)C,,,Кехлибар; Храна като; Тютюн като; Алдехиден; ,primary_odor_descriptor,Какъв е основният дескриптор на миризмата на молекулата? [CC(=CCCC1=CCC(CC1)(C)C=O)C]? Изберете само едно от [Кехлибар; Храна като; Тютюн като; Алдехиден; ]. Не пишете коментари.,Какъв е основният дескриптор на миризмата на молекулата? [1-Methyl-4-(4-methyl-3-pentenyl)cyclohex-3-ene-1-carbaldehyde]? Изберете само едно от [Кехлибар; Храна като; Тютюн като; Алдехиден; ]. Не пишете коментари.,Алдехиден,Descriptor 2=Green;Descriptor 3=Floral
34,"5H-5-Methyl-6,7-dihydrocyclopenta(b)pyrazine",CC1CCC2=NC=CN=C12,,,Анисов; Сярен; Балсамико; Землив; ,primary_odor_descriptor,Какъв е основният дескриптор на миризмата на молекулата? [CC1CCC2=NC=CN=C12]? Изберете само едно от [Анисов; Сярен; Балсамико; Землив; ]. Не пишете коментари.,"Какъв е основният дескриптор на миризмата на молекулата? [5H-5-Methyl-6,7-dihydrocyclopenta(b)pyrazine]? Изберете само едно от [Анисов; Сярен; Балсамико; Землив; ]. Не пишете коментари.",Землив,Descriptor 2=Sweet;Descriptor 3=Nutty
35,"4-(4,8-Dimethylnona-3,7-dienyl)pyridine",CC(=CCCC(=CCCC1=CC=NC=C1)C)C,,,Киселинни; Прах; Уди; Морски; ,primary_odor_descriptor,Какъв е основният дескриптор на миризмата на молекулата? [CC(=CCCC(=CCCC1=CC=NC=C1)C)C]? Изберете само едно от [Киселинни; Прах; Уди; Морски; ]. Не пишете коментари.,"Какъв е основният дескриптор на миризмата на молекулата? [4-(4,8-Dimethylnona-3,7-dienyl)pyridine]? Изберете само едно от [Киселинни; Прах; Уди; Морски; ]. Не пишете коментари.",Морски,Descriptor 2=Fresh;Descriptor 3=Clean
36,3-(4-Methyl-3-pentenyl)-3-cyclohexene-1-carbonitrile,CC(=CCCC1=CCCC(C1)C#N)C,,,Землив; Морски; Балсамико; Гурман; ,primary_odor_descriptor,Какъв е основният дескриптор на миризмата на молекулата? [CC(=CCCC1=CCCC(C1)C#N)C]? Изберете само едно от [Землив; Морски; Балсамико; Гурман; ]. Не пишете коментари.,Какъв е основният дескриптор на миризмата на молекулата? [3-(4-Methyl-3-pentenyl)-3-cyclohexene-1-carbonitrile]? Изберете само едно от [Землив; Морски; Балсамико; Гурман; ]. Не пишете коментари.,Морски,Descriptor 2=Cooling;Descriptor 3=Fresh
37,1-(2-Benzofuranyl)ethanone,CC(=O)C1=CC2=CC=CC=C2O1,,,Зелено; Кехлибар; Анисов; Прах; ,primary_odor_descriptor,Какъв е основният дескриптор на миризмата на молекулата? [CC(=O)C1=CC2=CC=CC=C2O1]? Изберете само едно от [Зелено; Кехлибар; Анисов; Прах; ]. Не пишете коментари.,Какъв е основният дескриптор на миризмата на молекулата? [1-(2-Benzofuranyl)ethanone]? Изберете само едно от [Зелено; Кехлибар; Анисов; Прах; ]. Не пишете коментари.,Прах,Descriptor 2=Floral;Descriptor 3=Hay
38,Dihydrocoumarin,C1CC(=O)OC2=CC=CC=C21,,,Прах; Тютюн като; Животноподобен; Мед; ,primary_odor_descriptor,Какъв е основният дескриптор на миризмата на молекулата? [C1CC(=O)OC2=CC=CC=C21]? Изберете само едно от [Прах; Тютюн като; Животноподобен; Мед; ]. Не пишете коментари.,Какъв е основният дескриптор на миризмата на молекулата? [Dihydrocoumarin]? Изберете само едно от [Прах; Тютюн като; Животноподобен; Мед; ]. Не пишете коментари.,Тютюн като,Descriptor 2=Coumarin;Descriptor 3=Coconut
39,"4,7-Methano-1H-inden-5-ol, 3a,4,5,6,7,7a-hexahydrodimethyl-",CC1C2C3CC(C2C=C1C)C(C3)O,,,Морски; Тютюн като; Муск като; Ароматен; ,primary_odor_descriptor,Какъв е основният дескриптор на миризмата на молекулата? [CC1C2C3CC(C2C=C1C)C(C3)O]? Изберете само едно от [Морски; Тютюн като; Муск като; Ароматен; ]. Не пишете коментари.,"Какъв е основният дескриптор на миризмата на молекулата? [4,7-Methano-1H-inden-5-ol, 3a,4,5,6,7,7a-hexahydrodimethyl-]? Изберете само едно от [Морски; Тютюн като; Муск като; Ароматен; ]. Не пишете коментари.",Ароматен,Descriptor 2=Fresh;Descriptor 3=Camphoraceous
40,1-Methyl-3-(4-methyl-3-pentenyl)cyclohex-3-ene-1-carbaldehyde,CC(=CCCC1=CCCC(C1)(C)C=O)C,,,Мед; Цитрусови плодове; Животноподобен; Озон; ,primary_odor_descriptor,Какъв е основният дескриптор на миризмата на молекулата? [CC(=CCCC1=CCCC(C1)(C)C=O)C]? Изберете само едно от [Мед; Цитрусови плодове; Животноподобен; Озон; ]. Не пишете коментари.,Какъв е основният дескриптор на миризмата на молекулата? [1-Methyl-3-(4-methyl-3-pentenyl)cyclohex-3-ene-1-carbaldehyde]? Изберете само едно от [Мед; Цитрусови плодове; Животноподобен; Озон; ]. Не пишете коментари.,Озон,Descriptor 2=Fresh;Descriptor 3=Aldehydic
41,1-Cyclohexylethanol,CC(C1CCCCC1)O,,,Животноподобен; Билкови; Прах; Цитрусови плодове; ,primary_odor_descriptor,Какъв е основният дескриптор на миризмата на молекулата? [CC(C1CCCCC1)O]? Изберете само едно от [Животноподобен; Билкови; Прах; Цитрусови плодове; ]. Не пишете коментари.,Какъв е основният дескриптор на миризмата на молекулата? [1-Cyclohexylethanol]? Изберете само едно от [Животноподобен; Билкови; Прах; Цитрусови плодове; ]. Не пишете коментари.,Билкови,Descriptor 2=Minty;Descriptor 3=Fruity
42,"1,2,3,4,5,6,7,8-Octahydro-5,5-dimethylnaphthalene-2-carbaldehyde",CC1(CCCC2=C1CCC(C2)C=O)C,,,Цветя; Пикантен; Прах; Ароматен; ,primary_odor_descriptor,Какъв е основният дескриптор на миризмата на молекулата? [CC1(CCCC2=C1CCC(C2)C=O)C]? Изберете само едно от [Цветя; Пикантен; Прах; Ароматен; ]. Не пишете коментари.,"Какъв е основният дескриптор на миризмата на молекулата? [1,2,3,4,5,6,7,8-Octahydro-5,5-dimethylnaphthalene-2-carbaldehyde]? Изберете само едно от [Цветя; Пикантен; Прах; Ароматен; ]. Не пишете коментари.",Цветя,Descriptor 2=Muguet;Descriptor 3=Fresh
43,"4,5,6,7-Tetrahydro-3,6-dimethylbenzofuran",CC1CCC2=C(C1)OC=C2C,,,Пикантен; Киселинни; Дим; Плодов; ,primary_odor_descriptor,Какъв е основният дескриптор на миризмата на молекулата? [CC1CCC2=C(C1)OC=C2C]? Изберете само едно от [Пикантен; Киселинни; Дим; Плодов; ]. Не пишете коментари.,"Какъв е основният дескриптор на миризмата на молекулата? [4,5,6,7-Tetrahydro-3,6-dimethylbenzofuran]? Изберете само едно от [Пикантен; Киселинни; Дим; Плодов; ]. Не пишете коментари.",Дим,Descriptor 2=Nutty;Descriptor 3=Earthy
44,2-Methylvaleric acid,CCCC(C)C(=O)O,,,Сярен; Животноподобен; Киселинни; Гурман; ,primary_odor_descriptor,Какъв е основният дескриптор на миризмата на молекулата? [CCCC(C)C(=O)O]? Изберете само едно от [Сярен; Животноподобен; Киселинни; Гурман; ]. Не пишете коментари.,Какъв е основният дескриптор на миризмата на молекулата? [2-Methylvaleric acid]? Изберете само едно от [Сярен; Животноподобен; Киселинни; Гурман; ]. Не пишете коментари.,Киселинни,Descriptor 2=Sour;Descriptor 3=Cheesy
45,"Butanoic acid, 2-methyl-, 5-hexen-1-yl ester",CCC(C)C(=O)OCCCCC=C,,,Зелено; Сярен; Землив; Билкови; ,primary_odor_descriptor,Какъв е основният дескриптор на миризмата на молекулата? [CCC(C)C(=O)OCCCCC=C]? Изберете само едно от [Зелено; Сярен; Землив; Билкови; ]. Не пишете коментари.,"Какъв е основният дескриптор на миризмата на молекулата? [Butanoic acid, 2-methyl-, 5-hexen-1-yl ester]? Изберете само едно от [Зелено; Сярен; Землив; Билкови; ]. Не пишете коментари.",Зелено,Descriptor 2=Fruity;Descriptor 3=Pineapple
46,Cinnamyl alcohol,C1=CC=C(C=C1)/C=C/CO,,,Прах; Мед; Зелено; Пикантен; ,primary_odor_descriptor,Какъв е основният дескриптор на миризмата на молекулата? [C1=CC=C(C=C1)/C=C/CO]? Изберете само едно от [Прах; Мед; Зелено; Пикантен; ]. Не пишете коментари.,Какъв е основният дескриптор на миризмата на молекулата? [Cinnamyl alcohol]? Изберете само едно от [Прах; Мед; Зелено; Пикантен; ]. Не пишете коментари.,Пикантен,Descriptor 2=Balsamic;Descriptor 3=Cinnamon
47,Dipropyl disulfide,CCCSSCCC,,,Билкови; Сярен; Кехлибар; Мента; ,primary_odor_descriptor,Какъв е основният дескриптор на миризмата на молекулата? [CCCSSCCC]? Изберете само едно от [Билкови; Сярен; Кехлибар; Мента; ]. Не пишете коментари.,Какъв е основният дескриптор на миризмата на молекулата? [Dipropyl disulfide]? Изберете само едно от [Билкови; Сярен; Кехлибар; Мента; ]. Не пишете коментари.,Сярен,Descriptor 2=Onion;Descriptor 3=Green
48,"3-Ethyl-2,6-dimethylpyrazine",CCC1=NC=C(N=C1C)C,,,Плодов; Мента; Храна като; Балсамико; ,primary_odor_descriptor,Какъв е основният дескриптор на миризмата на молекулата? [CCC1=NC=C(N=C1C)C]? Изберете само едно от [Плодов; Мента; Храна като; Балсамико; ]. Не пишете коментари.,"Какъв е основният дескриптор на миризмата на молекулата? [3-Ethyl-2,6-dimethylpyrazine]? Изберете само едно от [Плодов; Мента; Храна като; Балсамико; ]. Не пишете коментари.",Храна като,Descriptor 2=Peanut;Descriptor 3=Nutty
49,Dihydromyrcene,CC(CCC=C(C)C)C=C,,,Ароматен; Билкови; Плодов; Храна като; ,primary_odor_descriptor,Какъв е основният дескриптор на миризмата на молекулата? [CC(CCC=C(C)C)C=C]? Изберете само едно от [Ароматен; Билкови; Плодов; Храна като; ]. Не пишете коментари.,Какъв е основният дескриптор на миризмата на молекулата? [Dihydromyrcene]? Изберете само едно от [Ароматен; Билкови; Плодов; Храна като; ]. Не пишете коментари.,Билкови,Descriptor 2=Citrus;Descriptor 3=Lime
50,"1H-Indole,3-heptanol,eta-1H-indol-3-yl-a,a,e-trimethyl ,8-bis-(2,3-dihydroindol)-2,6-
dimethyl-2-octanol",CC(CCCC(C)(C)O)CC(C1=CNC2=CC=CC=C21)C3=CNC4=CC=CC=C43,,,Животноподобен; Мента; Балсамико; Ароматен; ,primary_odor_descriptor,Какъв е основният дескриптор на миризмата на молекулата? [CC(CCCC(C)(C)O)CC(C1=CNC2=CC=CC=C21)C3=CNC4=CC=CC=C43]? Изберете само едно от [Животноподобен; Мента; Балсамико; Ароматен; ]. Не пишете коментари.,"Какъв е основният дескриптор на миризмата на молекулата? [1H-Indole,3-heptanol,eta-1H-indol-3-yl-a,a,e-trimethyl ,8-bis-(2,3-dihydroindol)-2,6-
dimethyl-2-octanol]? Изберете само едно от [Животноподобен; Мента; Балсамико; Ароматен; ]. Не пишете коментари.",Животноподобен,Descriptor 2=Indolic;Descriptor 3=Medicinal
51,o-Toluenethiol,CC1=CC=CC=C1S,,,Сярен; Зелено; Анисов; Мед; ,primary_odor_descriptor,Какъв е основният дескриптор на миризмата на молекулата? [CC1=CC=CC=C1S]? Изберете само едно от [Сярен; Зелено; Анисов; Мед; ]. Не пишете коментари.,Какъв е основният дескриптор на миризмата на молекулата? [o-Toluenethiol]? Изберете само едно от [Сярен; Зелено; Анисов; Мед; ]. Не пишете коментари.,Сярен,Descriptor 2=Onion;Descriptor 3=Savoury
52,Acetylpyrazine,CC(=O)C1=NC=CN=C1,,,Озон; Гурман; Билкови; Алдехиден; ,primary_odor_descriptor,Какъв е основният дескриптор на миризмата на молекулата? [CC(=O)C1=NC=CN=C1]? Изберете само едно от [Озон; Гурман; Билкови; Алдехиден; ]. Не пишете коментари.,Какъв е основният дескриптор на миризмата на молекулата? [Acetylpyrazine]? Изберете само едно от [Озон; Гурман; Билкови; Алдехиден; ]. Не пишете коментари.,Гурман,Descriptor 2=Buttery;Descriptor 3=Popcorn
53,"6,6-Dimethylbicyclo[3.1.1]hept-2-ene-2-propionaldehyde",CC1(C2CC=C(C1C2)CCC=O)C,,,Уди; Морски; Дим; Кехлибар; ,primary_odor_descriptor,Какъв е основният дескриптор на миризмата на молекулата? [CC1(C2CC=C(C1C2)CCC=O)C]? Изберете само едно от [Уди; Морски; Дим; Кехлибар; ]. Не пишете коментари.,"Какъв е основният дескриптор на миризмата на молекулата? [6,6-Dimethylbicyclo[3.1.1]hept-2-ene-2-propionaldehyde]? Изберете само едно от [Уди; Морски; Дим; Кехлибар; ]. Не пишете коментари.",Морски,Descriptor 2=Fresh;Descriptor 3=Herbal
54,"4,4a,5,9b-Tetrahydroindeno[1,2-d]-1,3-dioxine",C1C2COCOC2C3=CC=CC=C31,,,Цветя; Билкови; Морски; Животноподобен; ,primary_odor_descriptor,Какъв е основният дескриптор на миризмата на молекулата? [C1C2COCOC2C3=CC=CC=C31]? Изберете само едно от [Цветя; Билкови; Морски; Животноподобен; ]. Не пишете коментари.,"Какъв е основният дескриптор на миризмата на молекулата? [4,4a,5,9b-Tetrahydroindeno[1,2-d]-1,3-dioxine]? Изберете само едно от [Цветя; Билкови; Морски; Животноподобен; ]. Не пишете коментари.",Цветя,Descriptor 2=Earthy;Descriptor 3=Leathery
55,Hop extract,C/C/1=C\2/CCC2=CC/C(=C/CC1)/C.CC(C)CC(=C)C1=C(C(=C(C(C1=O)(CC=C(C)C)O)O)CC=C(C)C)O.CC(C)CC(=O)C1=C(C(=C(C(C1=O)(CC=C(C)C)CC=C(C)C)O)CC=C(C)C)O,,,Мента; Камфорен; Анисов; Ароматен; ,primary_odor_descriptor,Какъв е основният дескриптор на миризмата на молекулата? [C/C/1=C\2/CCC2=CC/C(=C/CC1)/C.CC(C)CC(=C)C1=C(C(=C(C(C1=O)(CC=C(C)C)O)O)CC=C(C)C)O.CC(C)CC(=O)C1=C(C(=C(C(C1=O)(CC=C(C)C)CC=C(C)C)O)CC=C(C)C)O]? Изберете само едно от [Мента; Камфорен; Анисов; Ароматен; ]. Не пишете коментари.,Какъв е основният дескриптор на миризмата на молекулата? [Hop extract]? Изберете само едно от [Мента; Камфорен; Анисов; Ароматен; ]. Не пишете коментари.,Ароматен,Descriptor 2=Fruity;Descriptor 3=Herbal
56,Butyl butyrate,CCCCOC(=O)CCC,,,Гурман; Пикантен; Плодов; Храна като; ,primary_odor_descriptor,Какъв е основният дескриптор на миризмата на молекулата? [CCCCOC(=O)CCC]? Изберете само едно от [Гурман; Пикантен; Плодов; Храна като; ]. Не пишете коментари.,Какъв е основният дескриптор на миризмата на молекулата? [Butyl butyrate]? Изберете само едно от [Гурман; Пикантен; Плодов; Храна като; ]. Не пишете коментари.,Плодов,Descriptor 2=Raspberry;Descriptor 3=Blueberry
57,1H-Indene,C1C=CC2=CC=CC=C21,,,Ароматен; Морски; Цитрусови плодове; Животноподобен; ,primary_odor_descriptor,Какъв е основният дескриптор на миризмата на молекулата? [C1C=CC2=CC=CC=C21]? Изберете само едно от [Ароматен; Морски; Цитрусови плодове; Животноподобен; ]. Не пишете коментари.,Какъв е основният дескриптор на миризмата на молекулата? [1H-Indene]? Изберете само едно от [Ароматен; Морски; Цитрусови плодове; Животноподобен; ]. Не пишете коментари.,Животноподобен,Descriptor 2=Terpenic;Descriptor 3=Balsamic
58,Coumarin,C1=CC=C2C(=C1)C=CC(=O)O2,,,Билкови; Мента; Сярен; Прах; ,primary_odor_descriptor,Какъв е основният дескриптор на миризмата на молекулата? [C1=CC=C2C(=C1)C=CC(=O)O2]? Изберете само едно от [Билкови; Мента; Сярен; Прах; ]. Не пишете коментари.,Какъв е основният дескриптор на миризмата на молекулата? [Coumarin]? Изберете само едно от [Билкови; Мента; Сярен; Прах; ]. Не пишете коментари.,Прах,Descriptor 2=Warm;Descriptor 3=Almond
59,[2-Isopropoxyethyl]benzene,CC(C)OCCC1=CC=CC=C1,,,Зелено; Билкови; Мед; Животноподобен; ,primary_odor_descriptor,Какъв е основният дескриптор на миризмата на молекулата? [CC(C)OCCC1=CC=CC=C1]? Изберете само едно от [Зелено; Билкови; Мед; Животноподобен; ]. Не пишете коментари.,Какъв е основният дескриптор на миризмата на молекулата? [[2-Isopropoxyethyl]benzene]? Изберете само едно от [Зелено; Билкови; Мед; Животноподобен; ]. Не пишете коментари.,Зелено,Descriptor 2=Floral;Descriptor 3=Hyacinth
60,Linalool oxide pyranoid,CC1(C(CCC(O1)(C)C=C)O)C,,,Цветя; Храна като; Пикантен; Билкови; ,primary_odor_descriptor,Какъв е основният дескриптор на миризмата на молекулата? [CC1(C(CCC(O1)(C)C=C)O)C]? Изберете само едно от [Цветя; Храна като; Пикантен; Билкови; ]. Не пишете коментари.,Какъв е основният дескриптор на миризмата на молекулата? [Linalool oxide pyranoid]? Изберете само едно от [Цветя; Храна като; Пикантен; Билкови; ]. Не пишете коментари.,Цветя,Descriptor 2=Sweet;Descriptor 3=Honey
61,2-Hydroxymethylbenzoic acid gamma lactone,C1C2=CC=CC=C2C(=O)O1,,,Киселинни; Билкови; Тютюн като; Уди; ,primary_odor_descriptor,Какъв е основният дескриптор на миризмата на молекулата? [C1C2=CC=CC=C2C(=O)O1]? Изберете само едно от [Киселинни; Билкови; Тютюн като; Уди; ]. Не пишете коментари.,Какъв е основният дескриптор на миризмата на молекулата? [2-Hydroxymethylbenzoic acid gamma lactone]? Изберете само едно от [Киселинни; Билкови; Тютюн като; Уди; ]. Не пишете коментари.,Тютюн като,Descriptor 2=Hay;Descriptor 3=Coconut
62,trans-2-Tridecenal,CCCCCCCCCC/C=C/C=O,,,Плодов; Алдехиден; Муск като; Дим; ,primary_odor_descriptor,Какъв е основният дескриптор на миризмата на молекулата? [CCCCCCCCCC/C=C/C=O]? Изберете само едно от [Плодов; Алдехиден; Муск като; Дим; ]. Не пишете коментари.,Какъв е основният дескриптор на миризмата на молекулата? [trans-2-Tridecenal]? Изберете само едно от [Плодов; Алдехиден; Муск като; Дим; ]. Не пишете коментари.,Алдехиден,Descriptor 2=Mandarin;Descriptor 3=Green
63,"5-Methyl-5-propyl-2-(1-methylbutyl)-1,3-dioxan",CCCC(C)C1OCC(CO1)(C)CCC,,,Зелено; Тютюн като; Цитрусови плодове; Сярен; ,primary_odor_descriptor,Какъв е основният дескриптор на миризмата на молекулата? [CCCC(C)C1OCC(CO1)(C)CCC]? Изберете само едно от [Зелено; Тютюн като; Цитрусови плодове; Сярен; ]. Не пишете коментари.,"Какъв е основният дескриптор на миризмата на молекулата? [5-Methyl-5-propyl-2-(1-methylbutyl)-1,3-dioxan]? Изберете само едно от [Зелено; Тютюн като; Цитрусови плодове; Сярен; ]. Не пишете коментари.",Зелено,Descriptor 2=Plastic;Descriptor 3=Floral
64,Furfuryl mercaptan,C1=COC(=C1)CS,,,Землив; Животноподобен; Киселинни; Храна като; ,primary_odor_descriptor,Какъв е основният дескриптор на миризмата на молекулата? [C1=COC(=C1)CS]? Изберете само едно от [Землив; Животноподобен; Киселинни; Храна като; ]. Не пишете коментари.,Какъв е основният дескриптор на миризмата на молекулата? [Furfuryl mercaptan]? Изберете само едно от [Землив; Животноподобен; Киселинни; Храна като; ]. Не пишете коментари.,Храна като,Descriptor 2=Coffee;Descriptor 3=Roasted
65,4-Methylnonanoic acid,CCCCCC(C)CCC(=O)O,,,Тютюн като; Мента; Киселинни; Плодов; ,primary_odor_descriptor,Какъв е основният дескриптор на миризмата на молекулата? [CCCCCC(C)CCC(=O)O]? Изберете само едно от [Тютюн като; Мента; Киселинни; Плодов; ]. Не пишете коментари.,Какъв е основният дескриптор на миризмата на молекулата? [4-Methylnonanoic acid]? Изберете само едно от [Тютюн като; Мента; Киселинни; Плодов; ]. Не пишете коментари.,Киселинни,Descriptor 2=Animal Like;Descriptor 3=Dry
66,2-Methyl-4-(camphenyl-8)-cyclohexanone,CC1CC(CCC1=O)CC2C3CCC(C3)C2(C)C,,,Билкови; Животноподобен; Мента; Дим; ,primary_odor_descriptor,Какъв е основният дескриптор на миризмата на молекулата? [CC1CC(CCC1=O)CC2C3CCC(C3)C2(C)C]? Изберете само едно от [Билкови; Животноподобен; Мента; Дим; ]. Не пишете коментари.,Какъв е основният дескриптор на миризмата на молекулата? [2-Methyl-4-(camphenyl-8)-cyclohexanone]? Изберете само едно от [Билкови; Животноподобен; Мента; Дим; ]. Не пишете коментари.,Животноподобен,Descriptor 2=Woody;Descriptor 3=Amber
67,"6-(3Z)-3-hexen-1-yltetrahydro-2H-Pyran-2-one,",CC/C=C\CCC1CCCC(=O)O1,,,Землив; Ароматен; Плодов; Мед; ,primary_odor_descriptor,Какъв е основният дескриптор на миризмата на молекулата? [CC/C=C\CCC1CCCC(=O)O1]? Изберете само едно от [Землив; Ароматен; Плодов; Мед; ]. Не пишете коментари.,"Какъв е основният дескриптор на миризмата на молекулата? [6-(3Z)-3-hexen-1-yltetrahydro-2H-Pyran-2-one,]? Изберете само едно от [Землив; Ароматен; Плодов; Мед; ]. Не пишете коментари.",Плодов,Descriptor 2=Peach;Descriptor 3=Jasmin
68,Decanoic acid,CCCCCCCCCC(=O)O,,,Киселинни; Морски; Мед; Цитрусови плодове; ,primary_odor_descriptor,Какъв е основният дескриптор на миризмата на молекулата? [CCCCCCCCCC(=O)O]? Изберете само едно от [Киселинни; Морски; Мед; Цитрусови плодове; ]. Не пишете коментари.,Какъв е основният дескриптор на миризмата на молекулата? [Decanoic acid]? Изберете само едно от [Киселинни; Морски; Мед; Цитрусови плодове; ]. Не пишете коментари.,Киселинни,Descriptor 2=Creamy;Descriptor 3=Buttery
69,4-Ethylbenzaldehyde,CCC1=CC=C(C=C1)C=O,,,Озон; Анисов; Храна като; Балсамико; ,primary_odor_descriptor,Какъв е основният дескриптор на миризмата на молекулата? [CCC1=CC=C(C=C1)C=O]? Изберете само едно от [Озон; Анисов; Храна като; Балсамико; ]. Не пишете коментари.,Какъв е основният дескриптор на миризмата на молекулата? [4-Ethylbenzaldehyde]? Изберете само едно от [Озон; Анисов; Храна като; Балсамико; ]. Не пишете коментари.,Анисов,Descriptor 2=Almond;Descriptor 3=Cherry
70,5-(cis-3-Hexenyl)dihydro-5-methyl-2(3H)furanone,CC/C=C\CCC1(CCC(=O)O1)C,,,Храна като; Камфорен; Гурман; Зелено; ,primary_odor_descriptor,Какъв е основният дескриптор на миризмата на молекулата? [CC/C=C\CCC1(CCC(=O)O1)C]? Изберете само едно от [Храна като; Камфорен; Гурман; Зелено; ]. Не пишете коментари.,Какъв е основният дескриптор на миризмата на молекулата? [5-(cis-3-Hexenyl)dihydro-5-methyl-2(3H)furanone]? Изберете само едно от [Храна като; Камфорен; Гурман; Зелено; ]. Не пишете коментари.,Гурман,Descriptor 2=Milky;Descriptor 3=Coconut
71,p-Menth-8-en-2-one,CC1CCC(CC1=O)C(=C)C,,,Озон; Мента; Мед; Храна като; ,primary_odor_descriptor,Какъв е основният дескриптор на миризмата на молекулата? [CC1CCC(CC1=O)C(=C)C]? Изберете само едно от [Озон; Мента; Мед; Храна като; ]. Не пишете коментари.,Какъв е основният дескриптор на миризмата на молекулата? [p-Menth-8-en-2-one]? Изберете само едно от [Озон; Мента; Мед; Храна като; ]. Не пишете коментари.,Мента,Descriptor 2=Warm;Descriptor 3=Herbal
72,Hexahydro-3H-benzofuran-2-one,C1CCC2C(C1)CC(=O)O2,,,Алдехиден; Цитрусови плодове; Киселинни; Тютюн като; ,primary_odor_descriptor,Какъв е основният дескриптор на миризмата на молекулата? [C1CCC2C(C1)CC(=O)O2]? Изберете само едно от [Алдехиден; Цитрусови плодове; Киселинни; Тютюн като; ]. Не пишете коментари.,Какъв е основният дескриптор на миризмата на молекулата? [Hexahydro-3H-benzofuran-2-one]? Изберете само едно от [Алдехиден; Цитрусови плодове; Киселинни; Тютюн като; ]. Не пишете коментари.,Тютюн като,Descriptor 2=Hay;Descriptor 3=Powdery
73,cis-4-Hexenal,C/C=C\CCC=O,,,Гурман; Алдехиден; Киселинни; Цитрусови плодове; ,primary_odor_descriptor,Какъв е основният дескриптор на миризмата на молекулата? [C/C=C\CCC=O]? Изберете само едно от [Гурман; Алдехиден; Киселинни; Цитрусови плодове; ]. Не пишете коментари.,Какъв е основният дескриптор на миризмата на молекулата? [cis-4-Hexenal]? Изберете само едно от [Гурман; Алдехиден; Киселинни; Цитрусови плодове; ]. Не пишете коментари.,Алдехиден,Descriptor 2=Green;Descriptor 3=Oily
74,"4-(2,6,6-Trimethyl-2-cyclohexen)-2-methylbutanal",CC1=CCCC(C1C(C)CCC=O)(C)C,,,Плодов; Уди; Тютюн като; Гурман; ,primary_odor_descriptor,Какъв е основният дескриптор на миризмата на молекулата? [CC1=CCCC(C1C(C)CCC=O)(C)C]? Изберете само едно от [Плодов; Уди; Тютюн като; Гурман; ]. Не пишете коментари.,"Какъв е основният дескриптор на миризмата на молекулата? [4-(2,6,6-Trimethyl-2-cyclohexen)-2-methylbutanal]? Изберете само едно от [Плодов; Уди; Тютюн като; Гурман; ]. Не пишете коментари.",Уди,Descriptor 2=Orris;Descriptor 3=Leathery
75,dl-Menthone,C[C@@H]1CC[C@H](C(=O)C1)C(C)C,,,Мента; Сярен; Камфорен; Озон; ,primary_odor_descriptor,Какъв е основният дескриптор на миризмата на молекулата? [C[C@@H]1CC[C@H](C(=O)C1)C(C)C]? Изберете само едно от [Мента; Сярен; Камфорен; Озон; ]. Не пишете коментари.,Какъв е основният дескриптор на миризмата на молекулата? [dl-Menthone]? Изберете само едно от [Мента; Сярен; Камфорен; Озон; ]. Не пишете коментари.,Мента,Descriptor 2=Cooling;Descriptor 3=Sweet
76,4-Methylpentanoic acid,CC(C)CCC(=O)O,,,Киселинни; Морски; Зелено; Мед; ,primary_odor_descriptor,Какъв е основният дескриптор на миризмата на молекулата? [CC(C)CCC(=O)O]? Изберете само едно от [Киселинни; Морски; Зелено; Мед; ]. Не пишете коментари.,Какъв е основният дескриптор на миризмата на молекулата? [4-Methylpentanoic acid]? Изберете само едно от [Киселинни; Морски; Зелено; Мед; ]. Не пишете коментари.,Киселинни,Descriptor 2=Gourmand;Descriptor 3=Pungent
77,"Oxacyclohexadec-13-en-2-one, (13E)-",C1CCCCCC(=O)OCC/C=C/CCCC1,,,Анисов; Билкови; Муск като; Кехлибар; ,primary_odor_descriptor,Какъв е основният дескриптор на миризмата на молекулата? [C1CCCCCC(=O)OCC/C=C/CCCC1]? Изберете само едно от [Анисов; Билкови; Муск като; Кехлибар; ]. Не пишете коментари.,"Какъв е основният дескриптор на миризмата на молекулата? [Oxacyclohexadec-13-en-2-one, (13E)-]? Изберете само едно от [Анисов; Билкови; Муск като; Кехлибар; ]. Не пишете коментари.",Муск като,Descriptor 2=Warm;Descriptor 3=Powdery
78,"Cyclohexanone, 2-methyl-5-(1-methylethyl)-",CC1CCC(CC1=O)C(C)C,,,Зелено; Озон; Мента; Сярен; ,primary_odor_descriptor,Какъв е основният дескриптор на миризмата на молекулата? [CC1CCC(CC1=O)C(C)C]? Изберете само едно от [Зелено; Озон; Мента; Сярен; ]. Не пишете коментари.,"Какъв е основният дескриптор на миризмата на молекулата? [Cyclohexanone, 2-methyl-5-(1-methylethyl)-]? Изберете само едно от [Зелено; Озон; Мента; Сярен; ]. Не пишете коментари.",Мента,Descriptor 2=Caraway;Descriptor 3=Spearmint
79,"8aH-2,4a-Methanonaphthalen-8a-ol, octahydro-1,1,5,5-tetramethyl-",CC1(CCCC2(C13CCC(C3)C2(C)C)O)C,,,Сярен; Землив; Прах; Плодов; ,primary_odor_descriptor,Какъв е основният дескриптор на миризмата на молекулата? [CC1(CCCC2(C13CCC(C3)C2(C)C)O)C]? Изберете само едно от [Сярен; Землив; Прах; Плодов; ]. Не пишете коментари.,"Какъв е основният дескриптор на миризмата на молекулата? [8aH-2,4a-Methanonaphthalen-8a-ol, octahydro-1,1,5,5-tetramethyl-]? Изберете само едно от [Сярен; Землив; Прах; Плодов; ]. Не пишете коментари.",Землив,Descriptor 2=Patchouli;Descriptor 3=Vetiver
80,"Tricyclo[5.2.1.02,6]decan-8-one",C1CC2C(C1)C3CC2CC3=O,,,Алдехиден; Билкови; Тютюн като; Балсамико; ,primary_odor_descriptor,Какъв е основният дескриптор на миризмата на молекулата? [C1CC2C(C1)C3CC2CC3=O]? Изберете само едно от [Алдехиден; Билкови; Тютюн като; Балсамико; ]. Не пишете коментари.,"Какъв е основният дескриптор на миризмата на молекулата? [Tricyclo[5.2.1.02,6]decan-8-one]? Изберете само едно от [Алдехиден; Билкови; Тютюн като; Балсамико; ]. Не пишете коментари.",Балсамико,Descriptor 2=Woody;Descriptor 3=Oily
81,"3,3,5-Trimethylcyclohexyl acetate",CC1CC(CC(C1)(C)C)OC(=O)C,,,Озон; Зелено; Мед; Морски; ,primary_odor_descriptor,Какъв е основният дескриптор на миризмата на молекулата? [CC1CC(CC(C1)(C)C)OC(=O)C]? Изберете само едно от [Озон; Зелено; Мед; Морски; ]. Не пишете коментари.,"Какъв е основният дескриптор на миризмата на молекулата? [3,3,5-Trimethylcyclohexyl acetate]? Изберете само едно от [Озон; Зелено; Мед; Морски; ]. Не пишете коментари.",Зелено,Descriptor 2=Floral;Descriptor 3=Herbal
82,"Anisyl alcohol (o-,m-,p-)",COC1=CC=CC=C1CO,,,Анисов; Дим; Гурман; Мента; ,primary_odor_descriptor,Какъв е основният дескриптор на миризмата на молекулата? [COC1=CC=CC=C1CO]? Изберете само едно от [Анисов; Дим; Гурман; Мента; ]. Не пишете коментари.,"Какъв е основният дескриптор на миризмата на молекулата? [Anisyl alcohol (o-,m-,p-)]? Изберете само едно от [Анисов; Дим; Гурман; Мента; ]. Не пишете коментари.",Анисов,Descriptor 2=Sweet;Descriptor 3=Liquorice
83,"Ethanone,  1-(2,3-dimethylbicyclo[2.2.1]hept-2-yl)-",CC1C2CCC(C2)C1(C)C(=O)C,,,Морски; Храна като; Цветя; Ароматен; ,primary_odor_descriptor,Какъв е основният дескриптор на миризмата на молекулата? [CC1C2CCC(C2)C1(C)C(=O)C]? Изберете само едно от [Морски; Храна като; Цветя; Ароматен; ]. Не пишете коментари.,"Какъв е основният дескриптор на миризмата на молекулата? [Ethanone,  1-(2,3-dimethylbicyclo[2.2.1]hept-2-yl)-]? Изберете само едно от [Морски; Храна като; Цветя; Ароматен; ]. Не пишете коментари.",Ароматен,Descriptor 2=Woody;Descriptor 3=Camphoraceous
84,d-Pulegone,C[C@@H]1CCC(=C(C)C)C(=O)C1,,,Мента; Анисов; Мед; Цитрусови плодове; ,primary_odor_descriptor,Какъв е основният дескриптор на миризмата на молекулата? [C[C@@H]1CCC(=C(C)C)C(=O)C1]? Изберете само едно от [Мента; Анисов; Мед; Цитрусови плодове; ]. Не пишете коментари.,Какъв е основният дескриптор на миризмата на молекулата? [d-Pulegone]? Изберете само едно от [Мента; Анисов; Мед; Цитрусови плодове; ]. Не пишете коментари.,Мента,Descriptor 2=Aromatic;Descriptor 3=Herbal
85,4-Isopropylcyclohexanol,CC(C)C1CCC(CC1)O,,,Кехлибар; Животноподобен; Балсамико; Анисов; ,primary_odor_descriptor,Какъв е основният дескриптор на миризмата на молекулата? [CC(C)C1CCC(CC1)O]? Изберете само едно от [Кехлибар; Животноподобен; Балсамико; Анисов; ]. Не пишете коментари.,Какъв е основният дескриптор на миризмата на молекулата? [4-Isopropylcyclohexanol]? Изберете само едно от [Кехлибар; Животноподобен; Балсамико; Анисов; ]. Не пишете коментари.,Животноподобен,Descriptor 2=Floral;Descriptor 3=Rose
86,6-Methylquinoline,CC1=CC2=C(C=C1)N=CC=C2,,,Животноподобен; Землив; Храна като; Морски; ,primary_odor_descriptor,Какъв е основният дескриптор на миризмата на молекулата? [CC1=CC2=C(C=C1)N=CC=C2]? Изберете само едно от [Животноподобен; Землив; Храна като; Морски; ]. Не пишете коментари.,Какъв е основният дескриптор на миризмата на молекулата? [6-Methylquinoline]? Изберете само едно от [Животноподобен; Землив; Храна като; Морски; ]. Не пишете коментари.,Животноподобен,Descriptor 2=Leathery;Descriptor 3=Tobacco
87,3-Methylcyclopentadecenone,CC1=CCCCCCCCCCCCCC1=O,,,Мед; Билкови; Цитрусови плодове; Прах; ,primary_odor_descriptor,Какъв е основният дескриптор на миризмата на молекулата? [CC1=CCCCCCCCCCCCCC1=O]? Изберете само едно от [Мед; Билкови; Цитрусови плодове; Прах; ]. Не пишете коментари.,Какъв е основният дескриптор на миризмата на молекулата? [3-Methylcyclopentadecenone]? Изберете само едно от [Мед; Билкови; Цитрусови плодове; Прах; ]. Не пишете коментари.,Прах,Descriptor 2=Warm;Descriptor 3=Musk Like
88,"1-(2,4,4-Trimethyl-2-cyclohexen-1-yl)-2-buten-1-one",C/C=C/C(=O)C1CCC(C=C1C)(C)C,,,Храна като; Балсамико; Мед; Плодов; ,primary_odor_descriptor,Какъв е основният дескриптор на миризмата на молекулата? [C/C=C/C(=O)C1CCC(C=C1C)(C)C]? Изберете само едно от [Храна като; Балсамико; Мед; Плодов; ]. Не пишете коментари.,"Какъв е основният дескриптор на миризмата на молекулата? [1-(2,4,4-Trimethyl-2-cyclohexen-1-yl)-2-buten-1-one]? Изберете само едно от [Храна като; Балсамико; Мед; Плодов; ]. Не пишете коментари.",Плодов,Descriptor 2=Plum;Descriptor 3=Rose
89,3-Acetylpyridine,CC(=O)C1=CN=CC=C1,,,Ароматен; Животноподобен; Мед; Храна като; ,primary_odor_descriptor,Какъв е основният дескриптор на миризмата на молекулата? [CC(=O)C1=CN=CC=C1]? Изберете само едно от [Ароматен; Животноподобен; Мед; Храна като; ]. Не пишете коментари.,Какъв е основният дескриптор на миризмата на молекулата? [3-Acetylpyridine]? Изберете само едно от [Ароматен; Животноподобен; Мед; Храна като; ]. Не пишете коментари.,Храна като,Descriptor 2=Roasted;Descriptor 3=Waxy
90,delta-Tetradecalactone,CCCCCCCCCC1CCCC(=O)O1,,,Сярен; Плодов; Анисов; Уди; ,primary_odor_descriptor,Какъв е основният дескриптор на миризмата на молекулата? [CCCCCCCCCC1CCCC(=O)O1]? Изберете само едно от [Сярен; Плодов; Анисов; Уди; ]. Не пишете коментари.,Какъв е основният дескриптор на миризмата на молекулата? [delta-Tetradecalactone]? Изберете само едно от [Сярен; Плодов; Анисов; Уди; ]. Не пишете коментари.,Плодов,Descriptor 2=Creamy;Descriptor 3=Coconut
91,Hop extract solid,C/C/1=C\2/CCC2=CC/C(=C/CC1)/C.CC(C)CC(=C)C1=C(C(=C(C(C1=O)(CC=C(C)C)O)O)CC=C(C)C)O.CC(C)CC(=O)C1=C(C(=C(C(C1=O)(CC=C(C)C)CC=C(C)C)O)CC=C(C)C)O,,,Киселинни; Ароматен; Гурман; Уди; ,primary_odor_descriptor,Какъв е основният дескриптор на миризмата на молекулата? [C/C/1=C\2/CCC2=CC/C(=C/CC1)/C.CC(C)CC(=C)C1=C(C(=C(C(C1=O)(CC=C(C)C)O)O)CC=C(C)C)O.CC(C)CC(=O)C1=C(C(=C(C(C1=O)(CC=C(C)C)CC=C(C)C)O)CC=C(C)C)O]? Изберете само едно от [Киселинни; Ароматен; Гурман; Уди; ]. Не пишете коментари.,Какъв е основният дескриптор на миризмата на молекулата? [Hop extract solid]? Изберете само едно от [Киселинни; Ароматен; Гурман; Уди; ]. Не пишете коментари.,Ароматен,Descriptor 2=Fruity;Descriptor 3=Herbal
92,cis-3-Hexen-1-yl acetate,CC/C=C\CCOC(=O)C,,,Киселинни; Уди; Землив; Зелено; ,primary_odor_descriptor,Какъв е основният дескриптор на миризмата на молекулата? [CC/C=C\CCOC(=O)C]? Изберете само едно от [Киселинни; Уди; Землив; Зелено; ]. Не пишете коментари.,Какъв е основният дескриптор на миризмата на молекулата? [cis-3-Hexen-1-yl acetate]? Изберете само едно от [Киселинни; Уди; Землив; Зелено; ]. Не пишете коментари.,Зелено,Descriptor 2=Fruity;Descriptor 3=Pear
93,trans-2-Undecenal,CCCCCCCC/C=C/C=O,,,Озон; Муск като; Плодов; Билкови; ,primary_odor_descriptor,Какъв е основният дескриптор на миризмата на молекулата? [CCCCCCCC/C=C/C=O]? Изберете само едно от [Озон; Муск като; Плодов; Билкови; ]. Не пишете коментари.,Какъв е основният дескриптор на миризмата на молекулата? [trans-2-Undecenal]? Изберете само едно от [Озон; Муск като; Плодов; Билкови; ]. Не пишете коментари.,Плодов,Descriptor 2=Citrus;Descriptor 3=Waxy
94,"Bicyclo[2.2.1]heptan-2-ol, 2-ethyl-1,3,3-trimethyl-, (1R,2R,4S)-",CC[C@]1([C@@]2(CC[C@@H](C2)C1(C)C)C)O,,,Пикантен; Прах; Мента; Дим; ,primary_odor_descriptor,Какъв е основният дескриптор на миризмата на молекулата? [CC[C@]1([C@@]2(CC[C@@H](C2)C1(C)C)C)O]? Изберете само едно от [Пикантен; Прах; Мента; Дим; ]. Не пишете коментари.,"Какъв е основният дескриптор на миризмата на молекулата? [Bicyclo[2.2.1]heptan-2-ol, 2-ethyl-1,3,3-trimethyl-, (1R,2R,4S)-]? Изберете само едно от [Пикантен; Прах; Мента; Дим; ]. Не пишете коментари.",Мента,Descriptor 2=Earthy;Descriptor 3=Oily
95,1-Methyl-3-methoxy-4-isopropylbenzene,CC1=CC(=C(C=C1)C(C)C)OC,,,Уди; Киселинни; Камфорен; Сярен; ,primary_odor_descriptor,Какъв е основният дескриптор на миризмата на молекулата? [CC1=CC(=C(C=C1)C(C)C)OC]? Изберете само едно от [Уди; Киселинни; Камфорен; Сярен; ]. Не пишете коментари.,Какъв е основният дескриптор на миризмата на молекулата? [1-Methyl-3-methoxy-4-isopropylbenzene]? Изберете само едно от [Уди; Киселинни; Камфорен; Сярен; ]. Не пишете коментари.,Уди,Descriptor 2=Smoky;Descriptor 3=Medicinal
96,o-Propylphenol,CCCC1=CC=CC=C1O,,,Балсамико; Дим; Билкови; Озон; ,primary_odor_descriptor,Какъв е основният дескриптор на миризмата на молекулата? [CCCC1=CC=CC=C1O]? Изберете само едно от [Балсамико; Дим; Билкови; Озон; ]. Не пишете коментари.,Какъв е основният дескриптор на миризмата на молекулата? [o-Propylphenol]? Изберете само едно от [Балсамико; Дим; Билкови; Озон; ]. Не пишете коментари.,Дим,Descriptor 2=Medicinal;Descriptor 3=Burnt
97,Benzyl alcohol,C1=CC=C(C=C1)CO,,,Мед; Балсамико; Билкови; Дим; ,primary_odor_descriptor,Какъв е основният дескриптор на миризмата на молекулата? [C1=CC=C(C=C1)CO]? Изберете само едно от [Мед; Балсамико; Билкови; Дим; ]. Не пишете коментари.,Какъв е основният дескриптор на миризмата на молекулата? [Benzyl alcohol]? Изберете само едно от [Мед; Балсамико; Билкови; Дим; ]. Не пишете коментари.,Балсамико,Descriptor 2=Fruity;Descriptor 3=Floral
98,"4,6-Dimethyl-2H-pyran-2-one",CC1=CC(=O)OC(=C1)C,,,Зелено; Землив; Гурман; Сярен; ,primary_odor_descriptor,Какъв е основният дескриптор на миризмата на молекулата? [CC1=CC(=O)OC(=C1)C]? Изберете само едно от [Зелено; Землив; Гурман; Сярен; ]. Не пишете коментари.,"Какъв е основният дескриптор на миризмата на молекулата? [4,6-Dimethyl-2H-pyran-2-one]? Изберете само едно от [Зелено; Землив; Гурман; Сярен; ]. Не пишете коментари.",Гурман,Descriptor 2=Caramel;Descriptor 3=Anisic
99,"3-Cyclohexene-1-carbonitrile, 4-(4-methyl-3-pentenyl)-",CC(=CCCC1=CCC(CC1)C#N)C,,,Уди; Муск като; Озон; Мед; ,primary_odor_descriptor,Какъв е основният дескриптор на миризмата на молекулата? [CC(=CCCC1=CCC(CC1)C#N)C]? Изберете само едно от [Уди; Муск като; Озон; Мед; ]. Не пишете коментари.,"Какъв е основният дескриптор на миризмата на молекулата? [3-Cyclohexene-1-carbonitrile, 4-(4-methyl-3-pentenyl)-]? Изберете само едно от [Уди; Муск като; Озон; Мед; ]. Не пишете коментари.",Озон,Descriptor 2=Fresh;Descriptor 3=Citrus
100,"5-Hydroxy-2,4-decadienoic acid delta-lactone",CCCCCC1=CC=CC(=O)O1,,,Тютюн като; Землив; Морски; Цитрусови плодове; ,primary_odor_descriptor,Какъв е основният дескриптор на миризмата на молекулата? [CCCCCC1=CC=CC(=O)O1]? Изберете само едно от [Тютюн като; Землив; Морски; Цитрусови плодове; ]. Не пишете коментари.,"Какъв е основният дескриптор на миризмата на молекулата? [5-Hydroxy-2,4-decadienoic acid delta-lactone]? Изберете само едно от [Тютюн като; Землив; Морски; Цитрусови плодове; ]. Не пишете коментари.",Тютюн като,Descriptor 2=Hay;Descriptor 3=Coconut
101,(-)-.alpha.-Fenchol,C[C@]12CC[C@H](C1)C([C@H]2O)(C)C,,,Храна като; Цветя; Землив; Билкови; ,primary_odor_descriptor,Какъв е основният дескриптор на миризмата на молекулата? [C[C@]12CC[C@H](C1)C([C@H]2O)(C)C]? Изберете само едно от [Храна като; Цветя; Землив; Билкови; ]. Не пишете коментари.,Какъв е основният дескриптор на миризмата на молекулата? [(-)-.alpha.-Fenchol]? Изберете само едно от [Храна като; Цветя; Землив; Билкови; ]. Не пишете коментари.,Землив,Descriptor 2=Woody;Descriptor 3=Camphoraceous
102,Phenethyl formate,C1=CC=C(C=C1)CCOC=O,,,Морски; Дим; Цветя; Зелено; ,primary_odor_descriptor,Какъв е основният дескриптор на миризмата на молекулата? [C1=CC=C(C=C1)CCOC=O]? Изберете само едно от [Морски; Дим; Цветя; Зелено; ]. Не пишете коментари.,Какъв е основният дескриптор на миризмата на молекулата? [Phenethyl formate]? Изберете само едно от [Морски; Дим; Цветя; Зелено; ]. Не пишете коментари.,Цветя,Descriptor 2=Rose;Descriptor 3=Hyacinth
103,"5-(Diethoxymethyl)-3a,4,5,6,7,7a-hexahydro-4,7-methano-1H-indene",CCOC(C1CC2CC1C3C2CC=C3)OCC,,,Сярен; Анисов; Камфорен; Муск като; ,primary_odor_descriptor,Какъв е основният дескриптор на миризмата на молекулата? [CCOC(C1CC2CC1C3C2CC=C3)OCC]? Изберете само едно от [Сярен; Анисов; Камфорен; Муск като; ]. Не пишете коментари.,"Какъв е основният дескриптор на миризмата на молекулата? [5-(Diethoxymethyl)-3a,4,5,6,7,7a-hexahydro-4,7-methano-1H-indene]? Изберете само едно от [Сярен; Анисов; Камфорен; Муск като; ]. Не пишете коментари.",Анисов,Descriptor 2=Fruity;Descriptor 3=Herbal
104,Menthol,CC1CCC(C(C1)O)C(C)C,,,Озон; Землив; Мента; Плодов; ,primary_odor_descriptor,Какъв е основният дескриптор на миризмата на молекулата? [CC1CCC(C(C1)O)C(C)C]? Изберете само едно от [Озон; Землив; Мента; Плодов; ]. Не пишете коментари.,Какъв е основният дескриптор на миризмата на молекулата? [Menthol]? Изберете само едно от [Озон; Землив; Мента; Плодов; ]. Не пишете коментари.,Мента,Descriptor 2=Fresh;Descriptor 3=Cooling
105,Decyl methyl ether,CCCCCCCCCCOC,,,Кехлибар; Ароматен; Животноподобен; Озон; ,primary_odor_descriptor,Какъв е основният дескриптор на миризмата на молекулата? [CCCCCCCCCCOC]? Изберете само едно от [Кехлибар; Ароматен; Животноподобен; Озон; ]. Не пишете коментари.,Какъв е основният дескриптор на миризмата на молекулата? [Decyl methyl ether]? Изберете само едно от [Кехлибар; Ароматен; Животноподобен; Озон; ]. Не пишете коментари.,Озон,Descriptor 2=Fresh;Descriptor 3=Clean
106,"Octahydro-8,8-dimethylnaphthalene-2-carbaldehyde",CC1(CCCC2C1CC(C=C2)C=O)C,,,Озон; Землив; Мед; Цветя; ,primary_odor_descriptor,Какъв е основният дескриптор на миризмата на молекулата? [CC1(CCCC2C1CC(C=C2)C=O)C]? Изберете само едно от [Озон; Землив; Мед; Цветя; ]. Не пишете коментари.,"Какъв е основният дескриптор на миризмата на молекулата? [Octahydro-8,8-dimethylnaphthalene-2-carbaldehyde]? Изберете само едно от [Озон; Землив; Мед; Цветя; ]. Не пишете коментари.",Озон,Descriptor 2=Herbal;Descriptor 3=Clean
107,3-Octanol,CCCCCC(CC)O,,,Сярен; Анисов; Землив; Балсамико; ,primary_odor_descriptor,Какъв е основният дескриптор на миризмата на молекулата? [CCCCCC(CC)O]? Изберете само едно от [Сярен; Анисов; Землив; Балсамико; ]. Не пишете коментари.,Какъв е основният дескриптор на миризмата на молекулата? [3-Octanol]? Изберете само едно от [Сярен; Анисов; Землив; Балсамико; ]. Не пишете коментари.,Землив,Descriptor 2=Mushroom;Descriptor 3=Woody
108,"3-Cyclopentene-1-butanal, alpha,2,2,3-tetramethyl-.gamma.-methylene",CC1=CCC(C1(C)C)C(=C)CC(C)C=O,,,Уди; Храна като; Сярен; Тютюн като; ,primary_odor_descriptor,Какъв е основният дескриптор на миризмата на молекулата? [CC1=CCC(C1(C)C)C(=C)CC(C)C=O]? Изберете само едно от [Уди; Храна като; Сярен; Тютюн като; ]. Не пишете коментари.,"Какъв е основният дескриптор на миризмата на молекулата? [3-Cyclopentene-1-butanal, alpha,2,2,3-tetramethyl-.gamma.-methylene]? Изберете само едно от [Уди; Храна като; Сярен; Тютюн като; ]. Не пишете коментари.",Уди,Descriptor 2=Sandalwood;Descriptor 3=Dry
109,Benzyl phenylacetate,C1=CC=C(C=C1)CC(=O)OCC2=CC=CC=C2,,,Киселинни; Уди; Мед; Кехлибар; ,primary_odor_descriptor,Какъв е основният дескриптор на миризмата на молекулата? [C1=CC=C(C=C1)CC(=O)OCC2=CC=CC=C2]? Изберете само едно от [Киселинни; Уди; Мед; Кехлибар; ]. Не пишете коментари.,Какъв е основният дескриптор на миризмата на молекулата? [Benzyl phenylacetate]? Изберете само едно от [Киселинни; Уди; Мед; Кехлибар; ]. Не пишете коментари.,Мед,Descriptor 2=Sweet;Descriptor 3=Floral
110,(4-tert-Butylphenyl)acetonitrile,CC(C)(C)C1=CC=C(C=C1)CC#N,,,Пикантен; Зелено; Билкови; Морски; ,primary_odor_descriptor,Какъв е основният дескриптор на миризмата на молекулата? [CC(C)(C)C1=CC=C(C=C1)CC#N]? Изберете само едно от [Пикантен; Зелено; Билкови; Морски; ]. Не пишете коментари.,Какъв е основният дескриптор на миризмата на молекулата? [(4-tert-Butylphenyl)acetonitrile]? Изберете само едно от [Пикантен; Зелено; Билкови; Морски; ]. Не пишете коментари.,Морски,Descriptor 2=Floral;Descriptor 3=Ozonic
111,"(2-endo,3-exo)-Ethyl  3-(1-methylethyl)bicyclo[2.2.1]hept-5-ene-2-carboxylate",CCOC(=O)C1C2CC(C1C(C)C)C=C2,,,Алдехиден; Камфорен; Цитрусови плодове; Билкови; ,primary_odor_descriptor,Какъв е основният дескриптор на миризмата на молекулата? [CCOC(=O)C1C2CC(C1C(C)C)C=C2]? Изберете само едно от [Алдехиден; Камфорен; Цитрусови плодове; Билкови; ]. Не пишете коментари.,"Какъв е основният дескриптор на миризмата на молекулата? [(2-endo,3-exo)-Ethyl  3-(1-methylethyl)bicyclo[2.2.1]hept-5-ene-2-carboxylate]? Изберете само едно от [Алдехиден; Камфорен; Цитрусови плодове; Билкови; ]. Не пишете коментари.",Билкови,Descriptor 2=Fruity;Descriptor 3=Green
112,"2,6-Octadiene-1-thiol, 3,7-dimethyl-",CC(=CCCC(=CCS)C)C,,,Землив; Цитрусови плодове; Зелено; Морски; ,primary_odor_descriptor,Какъв е основният дескриптор на миризмата на молекулата? [CC(=CCCC(=CCS)C)C]? Изберете само едно от [Землив; Цитрусови плодове; Зелено; Морски; ]. Не пишете коментари.,"Какъв е основният дескриптор на миризмата на молекулата? [2,6-Octadiene-1-thiol, 3,7-dimethyl-]? Изберете само едно от [Землив; Цитрусови плодове; Зелено; Морски; ]. Не пишете коментари.",Цитрусови плодове,Descriptor 2=Grapefruit;Descriptor 3=Sulfurous
113,Isovaleric acid,CC(C)CC(=O)O,,,Морски; Киселинни; Уди; Кехлибар; ,primary_odor_descriptor,Какъв е основният дескриптор на миризмата на молекулата? [CC(C)CC(=O)O]? Изберете само едно от [Морски; Киселинни; Уди; Кехлибар; ]. Не пишете коментари.,Какъв е основният дескриптор на миризмата на молекулата? [Isovaleric acid]? Изберете само едно от [Морски; Киселинни; Уди; Кехлибар; ]. Не пишете коментари.,Киселинни,Descriptor 2=Cheesy;Descriptor 3=Fruity
114,1-(Methylthio)-1-propene,CC=CSC,,,Камфорен; Ароматен; Сярен; Храна като; ,primary_odor_descriptor,Какъв е основният дескриптор на миризмата на молекулата? [CC=CSC]? Изберете само едно от [Камфорен; Ароматен; Сярен; Храна като; ]. Не пишете коментари.,Какъв е основният дескриптор на миризмата на молекулата? [1-(Methylthio)-1-propene]? Изберете само едно от [Камфорен; Ароматен; Сярен; Храна като; ]. Не пишете коментари.,Сярен,Descriptor 2=Garlic;Descriptor 3=Acidic
115,2-Butenoic acid,CC=CC(=O)O,,,Гурман; Кехлибар; Киселинни; Землив; ,primary_odor_descriptor,Какъв е основният дескриптор на миризмата на молекулата? [CC=CC(=O)O]? Изберете само едно от [Гурман; Кехлибар; Киселинни; Землив; ]. Не пишете коментари.,Какъв е основният дескриптор на миризмата на молекулата? [2-Butenoic acid]? Изберете само едно от [Гурман; Кехлибар; Киселинни; Землив; ]. Не пишете коментари.,Киселинни,Descriptor 2=cheesy;Descriptor 3=Green
116,1-Heptanethiol,CCCCCCCS,,,Мента; Цветя; Землив; Сярен; ,primary_odor_descriptor,Какъв е основният дескриптор на миризмата на молекулата? [CCCCCCCS]? Изберете само едно от [Мента; Цветя; Землив; Сярен; ]. Не пишете коментари.,Какъв е основният дескриптор на миризмата на молекулата? [1-Heptanethiol]? Изберете само едно от [Мента; Цветя; Землив; Сярен; ]. Не пишете коментари.,Сярен,Descriptor 2=Onion;Descriptor 3=Garlic
117,"Bicyclo(2.2.1)heptan-2-one, 1,7,7-trimethyl-, (1S)-",C[C@]12CC[C@H](C1(C)C)CC2=O,,,Цитрусови плодове; Камфорен; Мед; Муск като; ,primary_odor_descriptor,Какъв е основният дескриптор на миризмата на молекулата? [C[C@]12CC[C@H](C1(C)C)CC2=O]? Изберете само едно от [Цитрусови плодове; Камфорен; Мед; Муск като; ]. Не пишете коментари.,"Какъв е основният дескриптор на миризмата на молекулата? [Bicyclo(2.2.1)heptan-2-one, 1,7,7-trimethyl-, (1S)-]? Изберете само едно от [Цитрусови плодове; Камфорен; Мед; Муск като; ]. Не пишете коментари.",Камфорен,Descriptor 2=Herbal;Descriptor 3=Fresh
118,Dihydrocarveol (isomer unspecified),CC1CCC(CC1O)C(=C)C,,,Зелено; Ароматен; Кехлибар; Цитрусови плодове; ,primary_odor_descriptor,Какъв е основният дескриптор на миризмата на молекулата? [CC1CCC(CC1O)C(=C)C]? Изберете само едно от [Зелено; Ароматен; Кехлибар; Цитрусови плодове; ]. Не пишете коментари.,Какъв е основният дескриптор на миризмата на молекулата? [Dihydrocarveol (isomer unspecified)]? Изберете само едно от [Зелено; Ароматен; Кехлибар; Цитрусови плодове; ]. Не пишете коментари.,Ароматен,Descriptor 2=Spearmint;Descriptor 3=Herbal
119,2-Ethyl-3-methylpyrazine,CCC1=NC=CN=C1C,,,Анисов; Гурман; Киселинни; Храна като; ,primary_odor_descriptor,Какъв е основният дескриптор на миризмата на молекулата? [CCC1=NC=CN=C1C]? Изберете само едно от [Анисов; Гурман; Киселинни; Храна като; ]. Не пишете коментари.,Какъв е основният дескриптор на миризмата на молекулата? [2-Ethyl-3-methylpyrazine]? Изберете само едно от [Анисов; Гурман; Киселинни; Храна като; ]. Не пишете коментари.,Храна като,Descriptor 2=Nutty;Descriptor 3=Corn
120,2-Methylheptanoic acid,CCCCCC(C)C(=O)O,,,Храна като; Сярен; Ароматен; Киселинни; ,primary_odor_descriptor,Какъв е основният дескриптор на миризмата на молекулата? [CCCCCC(C)C(=O)O]? Изберете само едно от [Храна като; Сярен; Ароматен; Киселинни; ]. Не пишете коментари.,Какъв е основният дескриптор на миризмата на молекулата? [2-Methylheptanoic acid]? Изберете само едно от [Храна като; Сярен; Ароматен; Киселинни; ]. Не пишете коментари.,Храна като,Descriptor 2=Waxy;Descriptor 3=Cheesy
121,Ethyl p-anisate,CCOC(=O)C1=CC=C(C=C1)OC,,,Храна като; Мента; Анисов; Гурман; ,primary_odor_descriptor,Какъв е основният дескриптор на миризмата на молекулата? [CCOC(=O)C1=CC=C(C=C1)OC]? Изберете само едно от [Храна като; Мента; Анисов; Гурман; ]. Не пишете коментари.,Какъв е основният дескриптор на миризмата на молекулата? [Ethyl p-anisate]? Изберете само едно от [Храна като; Мента; Анисов; Гурман; ]. Не пишете коментари.,Анисов,Descriptor 2=Licorice;Descriptor 3=Powdery
122,Amyl alcohol,CCCCCO,,,Землив; Озон; Балсамико; Пикантен; ,primary_odor_descriptor,Какъв е основният дескриптор на миризмата на молекулата? [CCCCCO]? Изберете само едно от [Землив; Озон; Балсамико; Пикантен; ]. Не пишете коментари.,Какъв е основният дескриптор на миризмата на молекулата? [Amyl alcohol]? Изберете само едно от [Землив; Озон; Балсамико; Пикантен; ]. Не пишете коментари.,Балсамико,Descriptor 2=Fruity;Descriptor 3=Light
123,2-Tridecenal,CCCCCCCCCC/C=C/C=O,,,Сярен; Билкови; Алдехиден; Кехлибар; ,primary_odor_descriptor,Какъв е основният дескриптор на миризмата на молекулата? [CCCCCCCCCC/C=C/C=O]? Изберете само едно от [Сярен; Билкови; Алдехиден; Кехлибар; ]. Не пишете коментари.,Какъв е основният дескриптор на миризмата на молекулата? [2-Tridecenal]? Изберете само едно от [Сярен; Билкови; Алдехиден; Кехлибар; ]. Не пишете коментари.,Алдехиден,Descriptor 2=Mandarin;Descriptor 3=Orange
124,2-Hydroxyacetophenone,CC(=O)C1=CC=CC=C1O,,,Тютюн като; Ароматен; Балсамико; Анисов; ,primary_odor_descriptor,Какъв е основният дескриптор на миризмата на молекулата? [CC(=O)C1=CC=CC=C1O]? Изберете само едно от [Тютюн като; Ароматен; Балсамико; Анисов; ]. Не пишете коментари.,Какъв е основният дескриптор на миризмата на молекулата? [2-Hydroxyacetophenone]? Изберете само едно от [Тютюн като; Ароматен; Балсамико; Анисов; ]. Не пишете коментари.,Балсамико,Descriptor 2=Phenolic;Descriptor 3=Honey
125,2-Isobutyl-4-methyltetrahydro-2H-pyran-4-ol (Pyranol),CC(C)CC1CC(CCO1)(C)O,,,Дим; Кехлибар; Цветя; Балсамико; ,primary_odor_descriptor,Какъв е основният дескриптор на миризмата на молекулата? [CC(C)CC1CC(CCO1)(C)O]? Изберете само едно от [Дим; Кехлибар; Цветя; Балсамико; ]. Не пишете коментари.,Какъв е основният дескриптор на миризмата на молекулата? [2-Isobutyl-4-methyltetrahydro-2H-pyran-4-ol (Pyranol)]? Изберете само едно от [Дим; Кехлибар; Цветя; Балсамико; ]. Не пишете коментари.,Цветя,Descriptor 2=Muguet;Descriptor 3=Soft
126,Acetanisole,CC(=O)C1=CC=C(C=C1)OC,,,Прах; Муск като; Морски; Алдехиден; ,primary_odor_descriptor,Какъв е основният дескриптор на миризмата на молекулата? [CC(=O)C1=CC=C(C=C1)OC]? Изберете само едно от [Прах; Муск като; Морски; Алдехиден; ]. Не пишете коментари.,Какъв е основният дескриптор на миризмата на молекулата? [Acetanisole]? Изберете само едно от [Прах; Муск като; Морски; Алдехиден; ]. Не пишете коментари.,Прах,Descriptor 2=Soft;Descriptor 3=Mimosa
127,Phenylacetic acid,C1=CC=C(C=C1)CC(=O)O,,,Сярен; Балсамико; Тютюн като; Мед; ,primary_odor_descriptor,Какъв е основният дескриптор на миризмата на молекулата? [C1=CC=C(C=C1)CC(=O)O]? Изберете само едно от [Сярен; Балсамико; Тютюн като; Мед; ]. Не пишете коментари.,Какъв е основният дескриптор на миризмата на молекулата? [Phenylacetic acid]? Изберете само едно от [Сярен; Балсамико; Тютюн като; Мед; ]. Не пишете коментари.,Мед,Descriptor 2=Floral;Descriptor 3=Sweet
128,2-Ethoxy-4-methylphenol,CCOC1=C(C=CC(=C1)C)O,,,Гурман; Морски; Алдехиден; Животноподобен; ,primary_odor_descriptor,Какъв е основният дескриптор на миризмата на молекулата? [CCOC1=C(C=CC(=C1)C)O]? Изберете само едно от [Гурман; Морски; Алдехиден; Животноподобен; ]. Не пишете коментари.,Какъв е основният дескриптор на миризмата на молекулата? [2-Ethoxy-4-methylphenol]? Изберете само едно от [Гурман; Морски; Алдехиден; Животноподобен; ]. Не пишете коментари.,Гурман,Descriptor 2=Vanilla;Descriptor 3=Sweet
129,"(±)-Bicyclo[2.2.1]hept-5-ene-2-carboxylic acid, ethyl ester",CCOC(=O)C1CC2CC1C=C2,,,Сярен; Мента; Плодов; Ароматен; ,primary_odor_descriptor,Какъв е основният дескриптор на миризмата на молекулата? [CCOC(=O)C1CC2CC1C=C2]? Изберете само едно от [Сярен; Мента; Плодов; Ароматен; ]. Не пишете коментари.,"Какъв е основният дескриптор на миризмата на молекулата? [(±)-Bicyclo[2.2.1]hept-5-ene-2-carboxylic acid, ethyl ester]? Изберете само едно от [Сярен; Мента; Плодов; Ароматен; ]. Не пишете коментари.",Плодов,Descriptor 2=Tropical-Fruit;Descriptor 3=Floral
130,Eugenyl methyl ether,COC1=C(C=C(C=C1)CC=C)OC,,,Ароматен; Балсамико; Пикантен; Животноподобен; ,primary_odor_descriptor,Какъв е основният дескриптор на миризмата на молекулата? [COC1=C(C=C(C=C1)CC=C)OC]? Изберете само едно от [Ароматен; Балсамико; Пикантен; Животноподобен; ]. Не пишете коментари.,Какъв е основният дескриптор на миризмата на молекулата? [Eugenyl methyl ether]? Изберете само едно от [Ароматен; Балсамико; Пикантен; Животноподобен; ]. Не пишете коментари.,Пикантен,Descriptor 2=Clove;Descriptor 3=Tea
131,1-Penten-3-one,CCC(=O)C=C,,,Балсамико; Сярен; Животноподобен; Морски; ,primary_odor_descriptor,Какъв е основният дескриптор на миризмата на молекулата? [CCC(=O)C=C]? Изберете само едно от [Балсамико; Сярен; Животноподобен; Морски; ]. Не пишете коментари.,Какъв е основният дескриптор на миризмата на молекулата? [1-Penten-3-one]? Изберете само едно от [Балсамико; Сярен; Животноподобен; Морски; ]. Не пишете коментари.,Сярен,Descriptor 2=Garlic;Descriptor 3=Onion
132,"3,5-Dimethyl-1,2-cyclopentadione",CC1CC(C(=O)C1=O)C,,,Алдехиден; Плодов; Гурман; Мента; ,primary_odor_descriptor,Какъв е основният дескриптор на миризмата на молекулата? [CC1CC(C(=O)C1=O)C]? Изберете само едно от [Алдехиден; Плодов; Гурман; Мента; ]. Не пишете коментари.,"Какъв е основният дескриптор на миризмата на молекулата? [3,5-Dimethyl-1,2-cyclopentadione]? Изберете само едно от [Алдехиден; Плодов; Гурман; Мента; ]. Не пишете коментари.",Гурман,Descriptor 2=Toffee;Descriptor 3=Burnt
133,Nonanal,CCCCCCCCC=O,,,Землив; Животноподобен; Уди; Алдехиден; ,primary_odor_descriptor,Какъв е основният дескриптор на миризмата на молекулата? [CCCCCCCCC=O]? Изберете само едно от [Землив; Животноподобен; Уди; Алдехиден; ]. Не пишете коментари.,Какъв е основният дескриптор на миризмата на молекулата? [Nonanal]? Изберете само едно от [Землив; Животноподобен; Уди; Алдехиден; ]. Не пишете коментари.,Алдехиден,Descriptor 2=Sweet;Descriptor 3=Orange
134,Undecenal,CCCCCCCCC=CC=O,,,Алдехиден; Морски; Тютюн като; Анисов; ,primary_odor_descriptor,Какъв е основният дескриптор на миризмата на молекулата? [CCCCCCCCC=CC=O]? Изберете само едно от [Алдехиден; Морски; Тютюн като; Анисов; ]. Не пишете коментари.,Какъв е основният дескриптор на миризмата на молекулата? [Undecenal]? Изберете само едно от [Алдехиден; Морски; Тютюн като; Анисов; ]. Не пишете коментари.,Алдехиден,Descriptor 2=Citrus;Descriptor 3=Floral
135,"(3-Z)-3,12-Tridecadienenitrile",C=CCCCCCCC/C=C\CC#N,,,Тютюн като; Цитрусови плодове; Морски; Мента; ,primary_odor_descriptor,Какъв е основният дескриптор на миризмата на молекулата? [C=CCCCCCCC/C=C\CC#N]? Изберете само едно от [Тютюн като; Цитрусови плодове; Морски; Мента; ]. Не пишете коментари.,"Какъв е основният дескриптор на миризмата на молекулата? [(3-Z)-3,12-Tridecadienenitrile]? Изберете само едно от [Тютюн като; Цитрусови плодове; Морски; Мента; ]. Не пишете коментари.",Цитрусови плодове,Descriptor 2=Sweet;Descriptor 3=Tangerine
136,"p,alpha-Dimethylstyrene",CC1=CC=C(C=C1)C(=C)C,,,Морски; Дим; Киселинни; Цветя; ,primary_odor_descriptor,Какъв е основният дескриптор на миризмата на молекулата? [CC1=CC=C(C=C1)C(=C)C]? Изберете само едно от [Морски; Дим; Киселинни; Цветя; ]. Не пишете коментари.,"Какъв е основният дескриптор на миризмата на молекулата? [p,alpha-Dimethylstyrene]? Изберете само едно от [Морски; Дим; Киселинни; Цветя; ]. Не пишете коментари.",Дим,Descriptor 2=Spicy;Descriptor 3=Clove
137,Cyclohexadecenone,C1CCCCCCC=CC(=O)CCCCCC1,,,Тютюн като; Муск като; Храна като; Морски; ,primary_odor_descriptor,Какъв е основният дескриптор на миризмата на молекулата? [C1CCCCCCC=CC(=O)CCCCCC1]? Изберете само едно от [Тютюн като; Муск като; Храна като; Морски; ]. Не пишете коментари.,Какъв е основният дескриптор на миризмата на молекулата? [Cyclohexadecenone]? Изберете само едно от [Тютюн като; Муск като; Храна като; Морски; ]. Не пишете коментари.,Муск като,Descriptor 2=Balsamic;Descriptor 3=Powdery
138,"1-Propanol,  2-methyl-3-[(1,7,7-trimethylbicyclo-[2.2.1]hept-2-yl)oxy]-",CC(CO)COC1CC2CCC1(C2(C)C)C,,,Животноподобен; Алдехиден; Кехлибар; Ароматен; ,primary_odor_descriptor,Какъв е основният дескриптор на миризмата на молекулата? [CC(CO)COC1CC2CCC1(C2(C)C)C]? Изберете само едно от [Животноподобен; Алдехиден; Кехлибар; Ароматен; ]. Не пишете коментари.,"Какъв е основният дескриптор на миризмата на молекулата? [1-Propanol,  2-methyl-3-[(1,7,7-trimethylbicyclo-[2.2.1]hept-2-yl)oxy]-]? Изберете само едно от [Животноподобен; Алдехиден; Кехлибар; Ароматен; ]. Не пишете коментари.",Кехлибар,Descriptor 2=Warm;Descriptor 3=Woody
139,"Ethyl 3,7-dimethylocta-2,6-dienoate",CCOC(=O)C=C(C)CCC=C(C)C,,,Мента; Плодов; Цветя; Озон; ,primary_odor_descriptor,Какъв е основният дескриптор на миризмата на молекулата? [CCOC(=O)C=C(C)CCC=C(C)C]? Изберете само едно от [Мента; Плодов; Цветя; Озон; ]. Не пишете коментари.,"Какъв е основният дескриптор на миризмата на молекулата? [Ethyl 3,7-dimethylocta-2,6-dienoate]? Изберете само едно от [Мента; Плодов; Цветя; Озон; ]. Не пишете коментари.",Цветя,Descriptor 2=Grape;Descriptor 3=Green
140,Dihydrosafrole,CCCC1=CC2=C(C=C1)OCO2,,,Кехлибар; Билкови; Пикантен; Цитрусови плодове; ,primary_odor_descriptor,Какъв е основният дескриптор на миризмата на молекулата? [CCCC1=CC2=C(C=C1)OCO2]? Изберете само едно от [Кехлибар; Билкови; Пикантен; Цитрусови плодове; ]. Не пишете коментари.,Какъв е основният дескриптор на миризмата на молекулата? [Dihydrosafrole]? Изберете само едно от [Кехлибар; Билкови; Пикантен; Цитрусови плодове; ]. Не пишете коментари.,Пикантен,Descriptor 2=Sweet;Descriptor 3=Floral
141,"Cyclohexane, 1-(1,1-dimethylpropyl)-4-ethoxy-, trans-",CCC(C)(C)C1CCC(CC1)OCC,,,Мента; Ароматен; Киселинни; Озон; ,primary_odor_descriptor,Какъв е основният дескриптор на миризмата на молекулата? [CCC(C)(C)C1CCC(CC1)OCC]? Изберете само едно от [Мента; Ароматен; Киселинни; Озон; ]. Не пишете коментари.,"Какъв е основният дескриптор на миризмата на молекулата? [Cyclohexane, 1-(1,1-dimethylpropyl)-4-ethoxy-, trans-]? Изберете само едно от [Мента; Ароматен; Киселинни; Озон; ]. Не пишете коментари.",Озон,Descriptor 2=Metallic;Descriptor 3=Marine
142,"3,4-Xylenol",CC1=C(C=C(C=C1)O)C,,,Гурман; Дим; Тютюн като; Билкови; ,primary_odor_descriptor,Какъв е основният дескриптор на миризмата на молекулата? [CC1=C(C=C(C=C1)O)C]? Изберете само едно от [Гурман; Дим; Тютюн като; Билкови; ]. Не пишете коментари.,"Какъв е основният дескриптор на миризмата на молекулата? [3,4-Xylenol]? Изберете само едно от [Гурман; Дим; Тютюн като; Билкови; ]. Не пишете коментари.",Дим,Descriptor 2=Roasted;Descriptor 3=Earthy
143,"4,5-Dimethyl-2-ethyl-3-thiazoline",CCC1N=C(C(S1)C)C,,,Алдехиден; Тютюн като; Сярен; Муск като; ,primary_odor_descriptor,Какъв е основният дескриптор на миризмата на молекулата? [CCC1N=C(C(S1)C)C]? Изберете само едно от [Алдехиден; Тютюн като; Сярен; Муск като; ]. Не пишете коментари.,"Какъв е основният дескриптор на миризмата на молекулата? [4,5-Dimethyl-2-ethyl-3-thiazoline]? Изберете само едно от [Алдехиден; Тютюн като; Сярен; Муск като; ]. Не пишете коментари.",Сярен,Descriptor 2=nutty;Descriptor 3=Vegetable
144,1-Octen-3-one,CCCCCC(=O)C=C,,,Животноподобен; Дим; Киселинни; Землив; ,primary_odor_descriptor,Какъв е основният дескриптор на миризмата на молекулата? [CCCCCC(=O)C=C]? Изберете само едно от [Животноподобен; Дим; Киселинни; Землив; ]. Не пишете коментари.,Какъв е основният дескриптор на миризмата на молекулата? [1-Octen-3-one]? Изберете само едно от [Животноподобен; Дим; Киселинни; Землив; ]. Не пишете коментари.,Землив,Descriptor 2=Mushroom;Descriptor 3=Herbal
145,Citronellal methylanthranilate Schiff base,CC(CCC=C(C)C)CC=NC1=CC=CC=C1C(=O)OC,,,Цитрусови плодове; Алдехиден; Билкови; Животноподобен; ,primary_odor_descriptor,Какъв е основният дескриптор на миризмата на молекулата? [CC(CCC=C(C)C)CC=NC1=CC=CC=C1C(=O)OC]? Изберете само едно от [Цитрусови плодове; Алдехиден; Билкови; Животноподобен; ]. Не пишете коментари.,Какъв е основният дескриптор на миризмата на молекулата? [Citronellal methylanthranilate Schiff base]? Изберете само едно от [Цитрусови плодове; Алдехиден; Билкови; Животноподобен; ]. Не пишете коментари.,Цитрусови плодове,Descriptor 2=Floral;Descriptor 3=Lemongrass
146,Terpinol,CC1(CCC(CC1)C(C)(C)O)O,,,Сярен; Тютюн като; Гурман; Билкови; ,primary_odor_descriptor,Какъв е основният дескриптор на миризмата на молекулата? [CC1(CCC(CC1)C(C)(C)O)O]? Изберете само едно от [Сярен; Тютюн като; Гурман; Билкови; ]. Не пишете коментари.,Какъв е основният дескриптор на миризмата на молекулата? [Terpinol]? Изберете само едно от [Сярен; Тютюн като; Гурман; Билкови; ]. Не пишете коментари.,Билкови,Descriptor 2=Floral;Descriptor 3=Pine
147,Cyclohexanol,C1CCC(CC1)O,,,Дим; Камфорен; Киселинни; Прах; ,primary_odor_descriptor,Какъв е основният дескриптор на миризмата на молекулата? [C1CCC(CC1)O]? Изберете само едно от [Дим; Камфорен; Киселинни; Прах; ]. Не пишете коментари.,Какъв е основният дескриптор на миризмата на молекулата? [Cyclohexanol]? Изберете само едно от [Дим; Камфорен; Киселинни; Прах; ]. Не пишете коментари.,Камфорен,Descriptor 2=Minty;Descriptor 3=Earthy
148,"3,7,10-Humulatriene",C/C/1=C\CC(/C=C/C/C(=C/CC1)/C)(C)C,,,Уди; Алдехиден; Озон; Морски; ,primary_odor_descriptor,Какъв е основният дескриптор на миризмата на молекулата? [C/C/1=C\CC(/C=C/C/C(=C/CC1)/C)(C)C]? Изберете само едно от [Уди; Алдехиден; Озон; Морски; ]. Не пишете коментари.,"Какъв е основният дескриптор на миризмата на молекулата? [3,7,10-Humulatriene]? Изберете само едно от [Уди; Алдехиден; Озон; Морски; ]. Не пишете коментари.",Уди,Descriptor 2=Balsamic;Descriptor 3=Warm
149,Citronellal,CC(CCC=C(C)C)CC=O,,,Мента; Цитрусови плодове; Сярен; Мед; ,primary_odor_descriptor,Какъв е основният дескриптор на миризмата на молекулата? [CC(CCC=C(C)C)CC=O]? Изберете само едно от [Мента; Цитрусови плодове; Сярен; Мед; ]. Не пишете коментари.,Какъв е основният дескриптор на миризмата на молекулата? [Citronellal]? Изберете само едно от [Мента; Цитрусови плодове; Сярен; Мед; ]. Не пишете коментари.,Цитрусови плодове,Descriptor 2=Lemon;Descriptor 3=Herbal
150,Cinnamyl formate,C1=CC=C(C=C1)/C=C/COC=O,,,Озон; Алдехиден; Землив; Балсамико; ,primary_odor_descriptor,Какъв е основният дескриптор на миризмата на молекулата? [C1=CC=C(C=C1)/C=C/COC=O]? Изберете само едно от [Озон; Алдехиден; Землив; Балсамико; ]. Не пишете коментари.,Какъв е основният дескриптор на миризмата на молекулата? [Cinnamyl formate]? Изберете само едно от [Озон; Алдехиден; Землив; Балсамико; ]. Не пишете коментари.,Балсамико,Descriptor 2=Spicy;Descriptor 3=Fruity
151,"4,5-Dimethyl-3-hydroxy-2,5-dihydrofuran-2-one",CC1C(=C(C(=O)O1)O)C,,,Гурман; Пикантен; Дим; Мента; ,primary_odor_descriptor,Какъв е основният дескриптор на миризмата на молекулата? [CC1C(=C(C(=O)O1)O)C]? Изберете само едно от [Гурман; Пикантен; Дим; Мента; ]. Не пишете коментари.,"Какъв е основният дескриптор на миризмата на молекулата? [4,5-Dimethyl-3-hydroxy-2,5-dihydrofuran-2-one]? Изберете само едно от [Гурман; Пикантен; Дим; Мента; ]. Не пишете коментари.",Гурман,Descriptor 2=Caramel;Descriptor 3=Sweet
152,Skatole,CC1=CNC2=CC=CC=C12,,,Дим; Животноподобен; Камфорен; Мед; ,primary_odor_descriptor,Какъв е основният дескриптор на миризмата на молекулата? [CC1=CNC2=CC=CC=C12]? Изберете само едно от [Дим; Животноподобен; Камфорен; Мед; ]. Не пишете коментари.,Какъв е основният дескриптор на миризмата на молекулата? [Skatole]? Изберете само едно от [Дим; Животноподобен; Камфорен; Мед; ]. Не пишете коментари.,Животноподобен,Descriptor 2=Indolic;Descriptor 3=Floral
153,"3,7-Dimethyl-2-methylenocta-6-enal",CC(CCC=C(C)C)C(=C)C=O,,,Цитрусови плодове; Зелено; Пикантен; Морски; ,primary_odor_descriptor,Какъв е основният дескриптор на миризмата на молекулата? [CC(CCC=C(C)C)C(=C)C=O]? Изберете само едно от [Цитрусови плодове; Зелено; Пикантен; Морски; ]. Не пишете коментари.,"Какъв е основният дескриптор на миризмата на молекулата? [3,7-Dimethyl-2-methylenocta-6-enal]? Изберете само едно от [Цитрусови плодове; Зелено; Пикантен; Морски; ]. Не пишете коментари.",Цитрусови плодове,Descriptor 2=Fresh;Descriptor 3=Floral
154,.beta.-Caryophyllene alcohol,C[C@@]12CCC[C@@](C1)([C@H]3CC([C@@H]3CC2)(C)C)O,,,Билкови; Уди; Киселинни; Камфорен; ,primary_odor_descriptor,Какъв е основният дескриптор на миризмата на молекулата? [C[C@@]12CCC[C@@](C1)([C@H]3CC([C@@H]3CC2)(C)C)O]? Изберете само едно от [Билкови; Уди; Киселинни; Камфорен; ]. Не пишете коментари.,Какъв е основният дескриптор на миризмата на молекулата? [.beta.-Caryophyllene alcohol]? Изберете само едно от [Билкови; Уди; Киселинни; Камфорен; ]. Не пишете коментари.,Уди,Descriptor 2=Spicy;Descriptor 3=Earthy
155,"1H-Indene,  1-ethyl-2,3-dihydro-1,3,3-trimethyl-",CCC1(CC(C2=CC=CC=C21)(C)C)C,,,Животноподобен; Муск като; Прах; Морски; ,primary_odor_descriptor,Какъв е основният дескриптор на миризмата на молекулата? [CCC1(CC(C2=CC=CC=C21)(C)C)C]? Изберете само едно от [Животноподобен; Муск като; Прах; Морски; ]. Не пишете коментари.,"Какъв е основният дескриптор на миризмата на молекулата? [1H-Indene,  1-ethyl-2,3-dihydro-1,3,3-trimethyl-]? Изберете само едно от [Животноподобен; Муск като; Прах; Морски; ]. Не пишете коментари.",Муск като,Descriptor 2=Floral;Descriptor 3=Woody
156,"Bicyclo[2.2.1]heptane, 2-ethoxy-1,3,3-trimethyl-",CCOC1C(C2CCC1(C2)C)(C)C,,,Мента; Кехлибар; Ароматен; Цитрусови плодове; ,primary_odor_descriptor,Какъв е основният дескриптор на миризмата на молекулата? [CCOC1C(C2CCC1(C2)C)(C)C]? Изберете само едно от [Мента; Кехлибар; Ароматен; Цитрусови плодове; ]. Не пишете коментари.,"Какъв е основният дескриптор на миризмата на молекулата? [Bicyclo[2.2.1]heptane, 2-ethoxy-1,3,3-trimethyl-]? Изберете само едно от [Мента; Кехлибар; Ароматен; Цитрусови плодове; ]. Не пишете коментари.",Ароматен,Descriptor 2=Pine;Descriptor 3=Woody
157,"4-(2-Butenylidene)-3,5,5-trimethylcyclohex-2-en-1-one",C/C=C/C=C/1\C(=CC(=O)CC1(C)C)C,,,Муск като; Мед; Тютюн като; Плодов; ,primary_odor_descriptor,Какъв е основният дескриптор на миризмата на молекулата? [C/C=C/C=C/1\C(=CC(=O)CC1(C)C)C]? Изберете само едно от [Муск като; Мед; Тютюн като; Плодов; ]. Не пишете коментари.,"Какъв е основният дескриптор на миризмата на молекулата? [4-(2-Butenylidene)-3,5,5-trimethylcyclohex-2-en-1-one]? Изберете само едно от [Муск като; Мед; Тютюн като; Плодов; ]. Не пишете коментари.",Тютюн като,Descriptor 2=Warm;Descriptor 3=Plum
158,2-Ethylbutyric acid,CCC(CC)C(=O)O,,,Храна като; Киселинни; Зелено; Плодов; ,primary_odor_descriptor,Какъв е основният дескриптор на миризмата на молекулата? [CCC(CC)C(=O)O]? Изберете само едно от [Храна като; Киселинни; Зелено; Плодов; ]. Не пишете коментари.,Какъв е основният дескриптор на миризмата на молекулата? [2-Ethylbutyric acid]? Изберете само едно от [Храна като; Киселинни; Зелено; Плодов; ]. Не пишете коментари.,Киселинни,Descriptor 2=Neutral;Descriptor 3=Pungent
159,l-Camphene,CC1([C@H]2CC[C@H](C2)C1=C)C,,,Озон; Землив; Пикантен; Камфорен; ,primary_odor_descriptor,Какъв е основният дескриптор на миризмата на молекулата? [CC1([C@H]2CC[C@H](C2)C1=C)C]? Изберете само едно от [Озон; Землив; Пикантен; Камфорен; ]. Не пишете коментари.,Какъв е основният дескриптор на миризмата на молекулата? [l-Camphene]? Изберете само едно от [Озон; Землив; Пикантен; Камфорен; ]. Не пишете коментари.,Камфорен,Descriptor 2=Woody;Descriptor 3=Pine
160,m-Cresol,CC1=CC(=CC=C1)O,,,Дим; Цветя; Балсамико; Билкови; ,primary_odor_descriptor,Какъв е основният дескриптор на миризмата на молекулата? [CC1=CC(=CC=C1)O]? Изберете само едно от [Дим; Цветя; Балсамико; Билкови; ]. Не пишете коментари.,Какъв е основният дескриптор на миризмата на молекулата? [m-Cresol]? Изберете само едно от [Дим; Цветя; Балсамико; Билкови; ]. Не пишете коментари.,Дим,Descriptor 2=Woody;Descriptor 3=Leathery
161,"2-Propenoic acid, 2-[1-(3,3-dimethylcyclohexyl)ethoxy]-2-methylpropyl ester",CC(C1CCCC(C1)(C)C)OC(C)(C)COC(=O)C=C,,,Балсамико; Зелено; Муск като; Киселинни; ,primary_odor_descriptor,Какъв е основният дескриптор на миризмата на молекулата? [CC(C1CCCC(C1)(C)C)OC(C)(C)COC(=O)C=C]? Изберете само едно от [Балсамико; Зелено; Муск като; Киселинни; ]. Не пишете коментари.,"Какъв е основният дескриптор на миризмата на молекулата? [2-Propenoic acid, 2-[1-(3,3-dimethylcyclohexyl)ethoxy]-2-methylpropyl ester]? Изберете само едно от [Балсамико; Зелено; Муск като; Киселинни; ]. Не пишете коментари.",Муск като,Descriptor 2=Fruity;Descriptor 3=Pear
162,Isoeugenyl methyl ether,C/C=C\C1=CC(=C(C=C1)OC)OC,,,Билкови; Мед; Пикантен; Анисов; ,primary_odor_descriptor,Какъв е основният дескриптор на миризмата на молекулата? [C/C=C\C1=CC(=C(C=C1)OC)OC]? Изберете само едно от [Билкови; Мед; Пикантен; Анисов; ]. Не пишете коментари.,Какъв е основният дескриптор на миризмата на молекулата? [Isoeugenyl methyl ether]? Изберете само едно от [Билкови; Мед; Пикантен; Анисов; ]. Не пишете коментари.,Пикантен,Descriptor 2=Clove;Descriptor 3=Floral
163,"2,2-Dimethyl-3-methyl-3-butenyl propanoate",CC(=C)CCOC(=O)C(C)(C)C,,,Кехлибар; Уди; Животноподобен; Билкови; ,primary_odor_descriptor,Какъв е основният дескриптор на миризмата на молекулата? [CC(=C)CCOC(=O)C(C)(C)C]? Изберете само едно от [Кехлибар; Уди; Животноподобен; Билкови; ]. Не пишете коментари.,"Какъв е основният дескриптор на миризмата на молекулата? [2,2-Dimethyl-3-methyl-3-butenyl propanoate]? Изберете само едно от [Кехлибар; Уди; Животноподобен; Билкови; ]. Не пишете коментари.",Билкови,Descriptor 2=Chamomile;Descriptor 3=Fruity
164,6-Isopropylquinoline,CC(C)C1=CC2=C(C=C1)N=CC=C2,,,Животноподобен; Зелено; Кехлибар; Мед; ,primary_odor_descriptor,Какъв е основният дескриптор на миризмата на молекулата? [CC(C)C1=CC2=C(C=C1)N=CC=C2]? Изберете само едно от [Животноподобен; Зелено; Кехлибар; Мед; ]. Не пишете коментари.,Какъв е основният дескриптор на миризмата на молекулата? [6-Isopropylquinoline]? Изберете само едно от [Животноподобен; Зелено; Кехлибар; Мед; ]. Не пишете коментари.,Зелено,Descriptor 2=Woody;Descriptor 3=Earthy
165,"6-Methoxy-2,6-dimethylheptan-1-al",CC(CCCC(C)(C)OC)C=O,,,Мента; Сярен; Балсамико; Морски; ,primary_odor_descriptor,Какъв е основният дескриптор на миризмата на молекулата? [CC(CCCC(C)(C)OC)C=O]? Изберете само едно от [Мента; Сярен; Балсамико; Морски; ]. Не пишете коментари.,"Какъв е основният дескриптор на миризмата на молекулата? [6-Methoxy-2,6-dimethylheptan-1-al]? Изберете само едно от [Мента; Сярен; Балсамико; Морски; ]. Не пишете коментари.",Морски,Descriptor 2=Ozonic;Descriptor 3=Fruity
166,Cyclohexanone diethyl ketal,CCOC1(CCCCC1)OCC,,,Билкови; Плодов; Животноподобен; Прах; ,primary_odor_descriptor,Какъв е основният дескриптор на миризмата на молекулата? [CCOC1(CCCCC1)OCC]? Изберете само едно от [Билкови; Плодов; Животноподобен; Прах; ]. Не пишете коментари.,Какъв е основният дескриптор на миризмата на молекулата? [Cyclohexanone diethyl ketal]? Изберете само едно от [Билкови; Плодов; Животноподобен; Прах; ]. Не пишете коментари.,Плодов,Descriptor 2=Tobacco;Descriptor 3=Woody
167,"5,7-Dihydro-2-methylthieno(3,4-d)pyrimidine",CC1=NC=C2CSCC2=N1,,,Озон; Храна като; Уди; Кехлибар; ,primary_odor_descriptor,Какъв е основният дескриптор на миризмата на молекулата? [CC1=NC=C2CSCC2=N1]? Изберете само едно от [Озон; Храна като; Уди; Кехлибар; ]. Не пишете коментари.,"Какъв е основният дескриптор на миризмата на молекулата? [5,7-Dihydro-2-methylthieno(3,4-d)pyrimidine]? Изберете само едно от [Озон; Храна като; Уди; Кехлибар; ]. Не пишете коментари.",Храна като,Descriptor 2=Popcorn;Descriptor 3=Nutty
168,dl-Neomenthol,C[C@@H]1CC[C@H]([C@H](C1)O)C(C)C,,,Озон; Цветя; Мента; Муск като; ,primary_odor_descriptor,Какъв е основният дескриптор на миризмата на молекулата? [C[C@@H]1CC[C@H]([C@H](C1)O)C(C)C]? Изберете само едно от [Озон; Цветя; Мента; Муск като; ]. Не пишете коментари.,Какъв е основният дескриптор на миризмата на молекулата? [dl-Neomenthol]? Изберете само едно от [Озон; Цветя; Мента; Муск като; ]. Не пишете коментари.,Мента,Descriptor 2=Fresh;Descriptor 3=Aromatic
169,1-[5(Or  6)-Methyl-7(or  8)-(1-methylethyl)bicyclo[2.2.2]oct-5-en-2-yl]ethan-1-one,CC1=C2CC(C(C1)C(C2)C(=O)C)C(C)C,,,Животноподобен; Кехлибар; Уди; Ароматен; ,primary_odor_descriptor,Какъв е основният дескриптор на миризмата на молекулата? [CC1=C2CC(C(C1)C(C2)C(=O)C)C(C)C]? Изберете само едно от [Животноподобен; Кехлибар; Уди; Ароматен; ]. Не пишете коментари.,Какъв е основният дескриптор на миризмата на молекулата? [1-[5(Or  6)-Methyl-7(or  8)-(1-methylethyl)bicyclo[2.2.2]oct-5-en-2-yl]ethan-1-one]? Изберете само едно от [Животноподобен; Кехлибар; Уди; Ароматен; ]. Не пишете коментари.,Уди,Descriptor 2=Spicy;Descriptor 3=Balsamic
170,"Indeno[4,3a-b]furan,decahydro-2,2,7,7,8,9,9-heptamethyl-",CC1C(C2CCCC3C2(C1(C)C)CC(O3)(C)C)(C)C,,,Зелено; Животноподобен; Билкови; Кехлибар; ,primary_odor_descriptor,Какъв е основният дескриптор на миризмата на молекулата? [CC1C(C2CCCC3C2(C1(C)C)CC(O3)(C)C)(C)C]? Изберете само едно от [Зелено; Животноподобен; Билкови; Кехлибар; ]. Не пишете коментари.,"Какъв е основният дескриптор на миризмата на молекулата? [Indeno[4,3a-b]furan,decahydro-2,2,7,7,8,9,9-heptamethyl-]? Изберете само едно от [Зелено; Животноподобен; Билкови; Кехлибар; ]. Не пишете коментари.",Кехлибар,Descriptor 2=Woody;Descriptor 3=Musk Like
171,Ethyl cyclohexylacetate,CCOC(=O)CC1CCCCC1,,,Киселинни; Дим; Мед; Цветя; ,primary_odor_descriptor,Какъв е основният дескриптор на миризмата на молекулата? [CCOC(=O)CC1CCCCC1]? Изберете само едно от [Киселинни; Дим; Мед; Цветя; ]. Не пишете коментари.,Какъв е основният дескриптор на миризмата на молекулата? [Ethyl cyclohexylacetate]? Изберете само едно от [Киселинни; Дим; Мед; Цветя; ]. Не пишете коментари.,Цветя,Descriptor 2=Fruity;Descriptor 3=Pear
172,Isodecyl acetate,CC(C)CCCCCCCOC(=O)C,,,Муск като; Билкови; Прах; Тютюн като; ,primary_odor_descriptor,Какъв е основният дескриптор на миризмата на молекулата? [CC(C)CCCCCCCOC(=O)C]? Изберете само едно от [Муск като; Билкови; Прах; Тютюн като; ]. Не пишете коментари.,Какъв е основният дескриптор на миризмата на молекулата? [Isodecyl acetate]? Изберете само едно от [Муск като; Билкови; Прах; Тютюн като; ]. Не пишете коментари.,Билкови,Descriptor 2=Citrus;Descriptor 3=Green
173,"Naphtho[2,1-b]furan, dodecahydro-3a,6,6,9a-tetramethyl-",CC1(CCCC2(C1CCC3(C2CCO3)C)C)C,,,Кехлибар; Прах; Морски; Пикантен; ,primary_odor_descriptor,Какъв е основният дескриптор на миризмата на молекулата? [CC1(CCCC2(C1CCC3(C2CCO3)C)C)C]? Изберете само едно от [Кехлибар; Прах; Морски; Пикантен; ]. Не пишете коментари.,"Какъв е основният дескриптор на миризмата на молекулата? [Naphtho[2,1-b]furan, dodecahydro-3a,6,6,9a-tetramethyl-]? Изберете само едно от [Кехлибар; Прах; Морски; Пикантен; ]. Не пишете коментари.",Кехлибар,Descriptor 2=Woody;Descriptor 3=Dry
174,"2-Butenoic acid, (2E)-",C/C=C/C(=O)O,,,Гурман; Храна като; Дим; Озон; ,primary_odor_descriptor,Какъв е основният дескриптор на миризмата на молекулата? [C/C=C/C(=O)O]? Изберете само едно от [Гурман; Храна като; Дим; Озон; ]. Не пишете коментари.,"Какъв е основният дескриптор на миризмата на молекулата? [2-Butenoic acid, (2E)-]? Изберете само едно от [Гурман; Храна като; Дим; Озон; ]. Не пишете коментари.",Гурман,Descriptor 2=Sweet;Descriptor 3=Milky
175,2-Undecanone,CCCCCCCCCC(=O)C,,,Животноподобен; Билкови; Балсамико; Прах; ,primary_odor_descriptor,Какъв е основният дескриптор на миризмата на молекулата? [CCCCCCCCCC(=O)C]? Изберете само едно от [Животноподобен; Билкови; Балсамико; Прах; ]. Не пишете коментари.,Какъв е основният дескриптор на миризмата на молекулата? [2-Undecanone]? Изберете само едно от [Животноподобен; Билкови; Балсамико; Прах; ]. Не пишете коментари.,Билкови,Descriptor 2=Floral;Descriptor 3=Citrus
