question_ID,compound.name,SMILES,OPTIONS,question_category,prompt.1,prompt.2,answer,Descriptor 2,Descriptor 3
158,"2H-2,4a-Methanonaphthalen-1(5H)-one, hexahydro-5,5-dimethyl-2-propyl-",CCCC12CCC3(C1)C(CCCC3(C)C)C2=O,Woody|Amber|Gourmand|Dry,primary_descriptor,What is the primary odor descriptor of molecule [SMILES]? Select only one from the [OPTIONS]. Do not write any comments.,What is the primary odor descriptor of molecule [compound.name]? Select only one from the [OPTIONS]. Do not write any comments.,Woody,Amber,Dry
502,4-(Isopropyl)-.beta.-methylcyclohexanethanol,CC(C)C1CCC(C(C)CO)CC1,Rose|Fresh|Floral|Ozonic,primary_descriptor,What is the primary odor descriptor of molecule [SMILES]? Select only one from the [OPTIONS]. Do not write any comments.,What is the primary odor descriptor of molecule [compound.name]? Select only one from the [OPTIONS]. Do not write any comments.,Floral,Rose,Fresh
101,Citronelloxyacetaldehyde,CC(C)=CCCC(C)CCOCC=O,Spicy|Aldehydic|Muguet|Floral,primary_descriptor,What is the primary odor descriptor of molecule [SMILES]? Select only one from the [OPTIONS]. Do not write any comments.,What is the primary odor descriptor of molecule [compound.name]? Select only one from the [OPTIONS]. Do not write any comments.,Aldehydic,Floral,Muguet
1654,Benzyl cinnamate,O=C(C=Cc1ccccc1)OCc1ccccc1,Balsamic|Cinnamon|Spicy|Smoky,primary_descriptor,What is the primary odor descriptor of molecule [SMILES]? Select only one from the [OPTIONS]. Do not write any comments.,What is the primary odor descriptor of molecule [compound.name]? Select only one from the [OPTIONS]. Do not write any comments.,Spicy,Balsamic,Cinnamon
947,cis-3-Hexenyl butyrate,CC/C=C\CCOC(=O)CCC,Green|Pear|Apple|Floral,primary_descriptor,What is the primary odor descriptor of molecule [SMILES]? Select only one from the [OPTIONS]. Do not write any comments.,What is the primary odor descriptor of molecule [compound.name]? Select only one from the [OPTIONS]. Do not write any comments.,Green,Apple,Pear
675,cis-3-Hexenyl benzoate,CC/C=C\CCOC(=O)c1ccccc1,Honey|Floral|Green|Balsamic,primary_descriptor,What is the primary odor descriptor of molecule [SMILES]? Select only one from the [OPTIONS]. Do not write any comments.,What is the primary odor descriptor of molecule [compound.name]? Select only one from the [OPTIONS]. Do not write any comments.,Floral,Green,Balsamic
100,Benzyl benzoate,O=C(OCc1ccccc1)c1ccccc1,Fruity|Powdery|Balsamic|Floral,primary_descriptor,What is the primary odor descriptor of molecule [SMILES]? Select only one from the [OPTIONS]. Do not write any comments.,What is the primary odor descriptor of molecule [compound.name]? Select only one from the [OPTIONS]. Do not write any comments.,Balsamic,Fruity,Floral
139,"2,6-Nonadienal diethyl acetal",CCC=CCCC=CC(OCC)OCC,Anisic|Green|Oily|Cucumber,primary_descriptor,What is the primary odor descriptor of molecule [SMILES]? Select only one from the [OPTIONS]. Do not write any comments.,What is the primary odor descriptor of molecule [compound.name]? Select only one from the [OPTIONS]. Do not write any comments.,Green,Cucumber,Oily
277,"Ethanone,  1-(2,3-dimethylbicyclo[2.2.1]hept-2-yl)-",,Amber|Woody|Camphoraceous|Aromatic,primary_descriptor,What is the primary odor descriptor of molecule [SMILES]? Select only one from the [OPTIONS]. Do not write any comments.,What is the primary odor descriptor of molecule [compound.name]? Select only one from the [OPTIONS]. Do not write any comments.,Aromatic,Woody,Camphoraceous
150,"2H-Indeno[4,5b] furan, decahydro-2,2,6,6,7,8,8-heptamethyl",,Dry|Fruity|Woody|Amber,primary_descriptor,What is the primary odor descriptor of molecule [SMILES]? Select only one from the [OPTIONS]. Do not write any comments.,What is the primary odor descriptor of molecule [compound.name]? Select only one from the [OPTIONS]. Do not write any comments.,Amber,Woody,Dry
240,trans-2-Hexenyl salicylate,CCC/C=C/COC(=O)c1ccccc1O,Floral|Balsamic|Woody|Tobacco like,primary_descriptor,What is the primary odor descriptor of molecule [SMILES]? Select only one from the [OPTIONS]. Do not write any comments.,What is the primary odor descriptor of molecule [compound.name]? Select only one from the [OPTIONS]. Do not write any comments.,Floral,Woody,Balsamic
393,(4-Methoxyphenyl)methyl isobutyrate,COc1ccc(COC(=O)C(C)C)cc1,Berry|Honey|Citrus|Fruity,primary_descriptor,What is the primary odor descriptor of molecule [SMILES]? Select only one from the [OPTIONS]. Do not write any comments.,What is the primary odor descriptor of molecule [compound.name]? Select only one from the [OPTIONS]. Do not write any comments.,Fruity,Berry,Honey
656,Methyl 3-bicyclo[2.2.1]hept-5-en-2-yl-3-methyloxirane-2-carboxylate,COC(=O)C1OC1(C)C1CC2C=CC1C2,Food Like|Jasmin|Floral|Fruity,primary_descriptor,What is the primary odor descriptor of molecule [SMILES]? Select only one from the [OPTIONS]. Do not write any comments.,What is the primary odor descriptor of molecule [compound.name]? Select only one from the [OPTIONS]. Do not write any comments.,Floral,Fruity,Jasmin
633,(Z)-Hex-3-enyl 2-methylbutyrate,CC/C=C\CCOC(=O)C(C)CC,Green|Earthy|Fruity|Apple,primary_descriptor,What is the primary odor descriptor of molecule [SMILES]? Select only one from the [OPTIONS]. Do not write any comments.,What is the primary odor descriptor of molecule [compound.name]? Select only one from the [OPTIONS]. Do not write any comments.,Green,Fruity,Apple
741,Myrtenol,,Minty|Anisic|Herbal|Pine,primary_descriptor,What is the primary odor descriptor of molecule [SMILES]? Select only one from the [OPTIONS]. Do not write any comments.,What is the primary odor descriptor of molecule [compound.name]? Select only one from the [OPTIONS]. Do not write any comments.,Herbal,Pine,Minty
1710,Cyclohexyl acetate,CC(=O)OC1CCCCC1,Floral|Balsamic|Fruity|Green,primary_descriptor,What is the primary odor descriptor of molecule [SMILES]? Select only one from the [OPTIONS]. Do not write any comments.,What is the primary odor descriptor of molecule [compound.name]? Select only one from the [OPTIONS]. Do not write any comments.,Fruity,Floral,Green
986,"6-Methyl-3,5-heptadien-2-one",CC(=O)C=CC=C(C)C,Spicy|Cinnamon|Fruity|Musk like,primary_descriptor,What is the primary odor descriptor of molecule [SMILES]? Select only one from the [OPTIONS]. Do not write any comments.,What is the primary odor descriptor of molecule [compound.name]? Select only one from the [OPTIONS]. Do not write any comments.,Spicy,Cinnamon,Fruity
1599,"2,5-Dimethylpyrazine",Cc1cnc(C)cn1,Food Like|Smoky|Nutty|Roasted,primary_descriptor,What is the primary odor descriptor of molecule [SMILES]? Select only one from the [OPTIONS]. Do not write any comments.,What is the primary odor descriptor of molecule [compound.name]? Select only one from the [OPTIONS]. Do not write any comments.,Food Like,Nutty,Roasted
1133,"2,6-Dimethyl-5-heptenal",CC(C)=CCCC(C)C=O,Citrus|Fruity|Green|Aldehydic,primary_descriptor,What is the primary odor descriptor of molecule [SMILES]? Select only one from the [OPTIONS]. Do not write any comments.,What is the primary odor descriptor of molecule [compound.name]? Select only one from the [OPTIONS]. Do not write any comments.,Aldehydic,Green,Fruity
486,Dihydronootkatone,,Green|Fruity|Grapefruit|Citrus,primary_descriptor,What is the primary odor descriptor of molecule [SMILES]? Select only one from the [OPTIONS]. Do not write any comments.,What is the primary odor descriptor of molecule [compound.name]? Select only one from the [OPTIONS]. Do not write any comments.,Citrus,Fruity,Grapefruit
559,2-Ethoxy-4-[(1-methylethoxy)methyl]  phenol,CCOc1cc(COC(C)C)ccc1O,Sweet|Spicy|Floral|Minty,primary_descriptor,What is the primary odor descriptor of molecule [SMILES]? Select only one from the [OPTIONS]. Do not write any comments.,What is the primary odor descriptor of molecule [compound.name]? Select only one from the [OPTIONS]. Do not write any comments.,Spicy,Floral,Sweet
300,"3-Hexene, 1-[(2-methyl-2-propenyl)oxy]- (3Z)-",C=C(C)COCC/C=C\CC,Green|Acidic|Floral|Fresh,primary_descriptor,What is the primary odor descriptor of molecule [SMILES]? Select only one from the [OPTIONS]. Do not write any comments.,What is the primary odor descriptor of molecule [compound.name]? Select only one from the [OPTIONS]. Do not write any comments.,Green,Fresh,Floral
1012,16-Hydroxy-7-hexadecenoic acid lactone,,Powdery|Animal Like|Aldehydic|Musk like,primary_descriptor,What is the primary odor descriptor of molecule [SMILES]? Select only one from the [OPTIONS]. Do not write any comments.,What is the primary odor descriptor of molecule [compound.name]? Select only one from the [OPTIONS]. Do not write any comments.,Musk like,Powdery,Animal Like
1024,Methoxymethylpyrazine,COCc1cnccn1,Coffee|Gourmand|Minty|Nutty,primary_descriptor,What is the primary odor descriptor of molecule [SMILES]? Select only one from the [OPTIONS]. Do not write any comments.,What is the primary odor descriptor of molecule [compound.name]? Select only one from the [OPTIONS]. Do not write any comments.,Gourmand,Nutty,Coffee
1343,2(10)-Pinen-3-ol,,Herbal|Woody|Amber|Pine,primary_descriptor,What is the primary odor descriptor of molecule [SMILES]? Select only one from the [OPTIONS]. Do not write any comments.,What is the primary odor descriptor of molecule [compound.name]? Select only one from the [OPTIONS]. Do not write any comments.,Herbal,Woody,Pine
1638,Trichloromethyl phenyl carbinyl acetate,,Floral|Powdery|Balsamic|Animal like,primary_descriptor,What is the primary odor descriptor of molecule [SMILES]? Select only one from the [OPTIONS]. Do not write any comments.,What is the primary odor descriptor of molecule [compound.name]? Select only one from the [OPTIONS]. Do not write any comments.,Floral,Balsamic,Powdery
550,"1,3-Diacetoxynonane",CCCCCCC(CCOC(C)=O)OC(C)=O,Jasmin|Citrus|Tobacco like|Floral,primary_descriptor,What is the primary odor descriptor of molecule [SMILES]? Select only one from the [OPTIONS]. Do not write any comments.,What is the primary odor descriptor of molecule [compound.name]? Select only one from the [OPTIONS]. Do not write any comments.,Floral,Jasmin,Citrus
1223,"4,6-Dimethyl-2H-pyran-2-one",Cc1cc(C)oc(=O)c1,Anisic|Caramel|Tobacco like|Gourmand,primary_descriptor,What is the primary odor descriptor of molecule [SMILES]? Select only one from the [OPTIONS]. Do not write any comments.,What is the primary odor descriptor of molecule [compound.name]? Select only one from the [OPTIONS]. Do not write any comments.,Gourmand,Caramel,Anisic
120,"1,1'-(2-Phenylethylidene)bis(1H-indole)",c1ccc(CC(n2ccc3ccccc32)n2ccc3ccccc32)cc1,Animal like|Indolic|Phenolic|Herbal,primary_descriptor,What is the primary odor descriptor of molecule [SMILES]? Select only one from the [OPTIONS]. Do not write any comments.,What is the primary odor descriptor of molecule [compound.name]? Select only one from the [OPTIONS]. Do not write any comments.,Animal like,Indolic,Phenolic
1418,p-tert-Butylcyclohexanone,CC(C)(C)C1CCC(=O)CC1,Woody|Camphoraceous|Minty|Tobacco like,primary_descriptor,What is the primary odor descriptor of molecule [SMILES]? Select only one from the [OPTIONS]. Do not write any comments.,What is the primary odor descriptor of molecule [compound.name]? Select only one from the [OPTIONS]. Do not write any comments.,Woody,Camphoraceous,Minty
968,4-Methoxy-alpha-methylbenzenepropanal,COc1ccc(CC(C)C=O)cc1,Anisic|Acidic|Herbal|Sweet,primary_descriptor,What is the primary odor descriptor of molecule [SMILES]? Select only one from the [OPTIONS]. Do not write any comments.,What is the primary odor descriptor of molecule [compound.name]? Select only one from the [OPTIONS]. Do not write any comments.,Anisic,Sweet,Herbal
1572,"3,4-Hexanedione",CCC(=O)C(=O)CC,Caramel|Musk like|Buttery|Gourmand,primary_descriptor,What is the primary odor descriptor of molecule [SMILES]? Select only one from the [OPTIONS]. Do not write any comments.,What is the primary odor descriptor of molecule [compound.name]? Select only one from the [OPTIONS]. Do not write any comments.,Gourmand,Buttery,Caramel
144,"3-Cyclohexene-1-carbonitrile, 4-(4-methyl-3-pentenyl)-",CC(C)=CCCC1=CCC(C#N)CC1,Citrus|Fresh|Ozonic|Anisic,primary_descriptor,What is the primary odor descriptor of molecule [SMILES]? Select only one from the [OPTIONS]. Do not write any comments.,What is the primary odor descriptor of molecule [compound.name]? Select only one from the [OPTIONS]. Do not write any comments.,Ozonic,Fresh,Citrus
1067,1-Octen-3-yl acetate,C=CC(CCCCC)OC(C)=O,Fruity|Spicy|Floral|Herbal,primary_descriptor,What is the primary odor descriptor of molecule [SMILES]? Select only one from the [OPTIONS]. Do not write any comments.,What is the primary odor descriptor of molecule [compound.name]? Select only one from the [OPTIONS]. Do not write any comments.,Herbal,Fruity,Floral
1926,Methyl ionone (mixture of isomers),,Tobacco like|Woody|Floral|Violet,primary_descriptor,What is the primary odor descriptor of molecule [SMILES]? Select only one from the [OPTIONS]. Do not write any comments.,What is the primary odor descriptor of molecule [compound.name]? Select only one from the [OPTIONS]. Do not write any comments.,Floral,Violet,Woody
1073,"3-(5,5,6-Trimethylbicyclo[2.2.1]hept-2-yl)cyclohexan-1-ol",CC1C2CC(CC2C2CCCC(O)C2)C1(C)C,Sweet|Woody|Amber|Soft,primary_descriptor,What is the primary odor descriptor of molecule [SMILES]? Select only one from the [OPTIONS]. Do not write any comments.,What is the primary odor descriptor of molecule [compound.name]? Select only one from the [OPTIONS]. Do not write any comments.,Woody,Soft,Sweet
533,"1,2,3,4,5,6,7,8-Octahydro-8,8-dimethyl-2-naphthaldehyde",CC1(C)CCCC2=C1CC(C=O)CC2,Fresh|Muguet|Smoky|Floral,primary_descriptor,What is the primary odor descriptor of molecule [SMILES]? Select only one from the [OPTIONS]. Do not write any comments.,What is the primary odor descriptor of molecule [compound.name]? Select only one from the [OPTIONS]. Do not write any comments.,Floral,Muguet,Fresh
1971,l-Menthone,,Sweet|Minty|Herbal|Food Like,primary_descriptor,What is the primary odor descriptor of molecule [SMILES]? Select only one from the [OPTIONS]. Do not write any comments.,What is the primary odor descriptor of molecule [compound.name]? Select only one from the [OPTIONS]. Do not write any comments.,Minty,Herbal,Sweet
1900,Diethyl malonate,CCOC(=O)CC(=O)OCC,Apple|Fruity|Green|Powdery,primary_descriptor,What is the primary odor descriptor of molecule [SMILES]? Select only one from the [OPTIONS]. Do not write any comments.,What is the primary odor descriptor of molecule [compound.name]? Select only one from the [OPTIONS]. Do not write any comments.,Fruity,Green,Apple
279,5-Hydroxy-4-methylhexanoic acid delta-lactone,,Fruity|Ozonic|Minty|Green,primary_descriptor,What is the primary odor descriptor of molecule [SMILES]? Select only one from the [OPTIONS]. Do not write any comments.,What is the primary odor descriptor of molecule [compound.name]? Select only one from the [OPTIONS]. Do not write any comments.,Minty,Green,Fruity
1576,Hydroxycitronellal,CC(CC=O)CCCC(C)(C)O,Floral|Aldehydic|Green|Muguet,primary_descriptor,What is the primary odor descriptor of molecule [SMILES]? Select only one from the [OPTIONS]. Do not write any comments.,What is the primary odor descriptor of molecule [compound.name]? Select only one from the [OPTIONS]. Do not write any comments.,Floral,Muguet,Aldehydic
568,3-Dodecenal,CCCCCCCCC=CCC=O,Citrus|Orange|Anisic|Mandarin,primary_descriptor,What is the primary odor descriptor of molecule [SMILES]? Select only one from the [OPTIONS]. Do not write any comments.,What is the primary odor descriptor of molecule [compound.name]? Select only one from the [OPTIONS]. Do not write any comments.,Citrus,Mandarin,Orange
1575,Benzyl propionate,CCC(=O)OCc1ccccc1,Fruity|Jasmin|Floral|Herbal,primary_descriptor,What is the primary odor descriptor of molecule [SMILES]? Select only one from the [OPTIONS]. Do not write any comments.,What is the primary odor descriptor of molecule [compound.name]? Select only one from the [OPTIONS]. Do not write any comments.,Fruity,Floral,Jasmin
541,Propyl 2-methylbutyrate,CCCOC(=O)C(C)CC,Fruity|Anisic|Sweet|Fermented,primary_descriptor,What is the primary odor descriptor of molecule [SMILES]? Select only one from the [OPTIONS]. Do not write any comments.,What is the primary odor descriptor of molecule [compound.name]? Select only one from the [OPTIONS]. Do not write any comments.,Fruity,Fermented,Sweet
1593,Isoeugenyl methyl ether,CC=Cc1ccc(OC)c(OC)c1,Floral|Spicy|Food Like|Clove,primary_descriptor,What is the primary odor descriptor of molecule [SMILES]? Select only one from the [OPTIONS]. Do not write any comments.,What is the primary odor descriptor of molecule [compound.name]? Select only one from the [OPTIONS]. Do not write any comments.,Spicy,Clove,Floral
1234,2-Ethoxy-4-methylphenol,CCOc1cc(C)ccc1O,Gourmand|Woody|Vanilla|Sweet,primary_descriptor,What is the primary odor descriptor of molecule [SMILES]? Select only one from the [OPTIONS]. Do not write any comments.,What is the primary odor descriptor of molecule [compound.name]? Select only one from the [OPTIONS]. Do not write any comments.,Gourmand,Vanilla,Sweet
136,cis-3-Octenyl propionate,CCCC/C=C\CCOC(=O)CC,Fruity|Citrus|Pear|Melon,primary_descriptor,What is the primary odor descriptor of molecule [SMILES]? Select only one from the [OPTIONS]. Do not write any comments.,What is the primary odor descriptor of molecule [compound.name]? Select only one from the [OPTIONS]. Do not write any comments.,Fruity,Pear,Melon
962,"3,7-Dimethyl-2-methylenocta-6-enal",C=C(C=O)C(C)CCC=C(C)C,Floral|Balsamic|Citrus|Fresh,primary_descriptor,What is the primary odor descriptor of molecule [SMILES]? Select only one from the [OPTIONS]. Do not write any comments.,What is the primary odor descriptor of molecule [compound.name]? Select only one from the [OPTIONS]. Do not write any comments.,Citrus,Fresh,Floral
208,Methyl-alpha-ionone,,Floral|Smoky|Woody|Violet,primary_descriptor,What is the primary odor descriptor of molecule [SMILES]? Select only one from the [OPTIONS]. Do not write any comments.,What is the primary odor descriptor of molecule [compound.name]? Select only one from the [OPTIONS]. Do not write any comments.,Woody,Floral,Violet
1898,Geraniol,CC(C)=CCC/C(C)=C/CO,Floral|Geranium|Honey|Rose,primary_descriptor,What is the primary odor descriptor of molecule [SMILES]? Select only one from the [OPTIONS]. Do not write any comments.,What is the primary odor descriptor of molecule [compound.name]? Select only one from the [OPTIONS]. Do not write any comments.,Floral,Rose,Geranium
1603,p-Menth-1-en-8-ol (S),,Herbal|Floral|Pine|Tobacco like,primary_descriptor,What is the primary odor descriptor of molecule [SMILES]? Select only one from the [OPTIONS]. Do not write any comments.,What is the primary odor descriptor of molecule [compound.name]? Select only one from the [OPTIONS]. Do not write any comments.,Herbal,Floral,Pine
133,"2,7-Decadienal, (2E,7Z)-",CC/C=C\CCC/C=C/C=O,Violet|Floral|Green|Cucumber,primary_descriptor,What is the primary odor descriptor of molecule [SMILES]? Select only one from the [OPTIONS]. Do not write any comments.,What is the primary odor descriptor of molecule [compound.name]? Select only one from the [OPTIONS]. Do not write any comments.,Green,Violet,Cucumber
1016,Ethyl maltol,,Caramel|Sweet|Smoky|Gourmand,primary_descriptor,What is the primary odor descriptor of molecule [SMILES]? Select only one from the [OPTIONS]. Do not write any comments.,What is the primary odor descriptor of molecule [compound.name]? Select only one from the [OPTIONS]. Do not write any comments.,Gourmand,Sweet,Caramel
1540,2-Phenoxyethyl isobutyrate,CC(C)C(=O)OCCOc1ccccc1,Fruity|Musk like|Floral|Rose,primary_descriptor,What is the primary odor descriptor of molecule [SMILES]? Select only one from the [OPTIONS]. Do not write any comments.,What is the primary odor descriptor of molecule [compound.name]? Select only one from the [OPTIONS]. Do not write any comments.,Floral,Fruity,Rose
729,"3-Pentenoic acid, 2-methyl-, hexyl ester",CC=CC(C)C(=O)OCCCCCC,Woody|Sweet|Fruity|Tropical-Fruit,primary_descriptor,What is the primary odor descriptor of molecule [SMILES]? Select only one from the [OPTIONS]. Do not write any comments.,What is the primary odor descriptor of molecule [compound.name]? Select only one from the [OPTIONS]. Do not write any comments.,Fruity,Tropical-Fruit,Sweet
1028,"4,7-Dimethyloct-6-en-3-one",CCC(=O)C(C)CC=C(C)C,Food Like|Citrus|Fresh|Grapefruit,primary_descriptor,What is the primary odor descriptor of molecule [SMILES]? Select only one from the [OPTIONS]. Do not write any comments.,What is the primary odor descriptor of molecule [compound.name]? Select only one from the [OPTIONS]. Do not write any comments.,Citrus,Grapefruit,Fresh
1585,1-(1-Naphthyl)ethanone,CC(=O)c1cccc2ccccc12,Animal like|Floral|Sweet|Neroli,primary_descriptor,What is the primary odor descriptor of molecule [SMILES]? Select only one from the [OPTIONS]. Do not write any comments.,What is the primary odor descriptor of molecule [compound.name]? Select only one from the [OPTIONS]. Do not write any comments.,Floral,Neroli,Sweet
667,"1-Oxaspiro[4.5]deca-3,6-diene,  2,6,9,10-tetramethyl-",,Powdery|Blackcurrant|Fruity|Green,primary_descriptor,What is the primary odor descriptor of molecule [SMILES]? Select only one from the [OPTIONS]. Do not write any comments.,What is the primary odor descriptor of molecule [compound.name]? Select only one from the [OPTIONS]. Do not write any comments.,Fruity,Blackcurrant,Green
117,Isocedranone,,Woody|Cedarwood|Aldehydic|Amber,primary_descriptor,What is the primary odor descriptor of molecule [SMILES]? Select only one from the [OPTIONS]. Do not write any comments.,What is the primary odor descriptor of molecule [compound.name]? Select only one from the [OPTIONS]. Do not write any comments.,Woody,Cedarwood,Amber
1353,"2,3,6-Trimethylphenol",Cc1ccc(C)c(O)c1C,Smoky|Phenolic|Balsamic|Leathery,primary_descriptor,What is the primary odor descriptor of molecule [SMILES]? Select only one from the [OPTIONS]. Do not write any comments.,What is the primary odor descriptor of molecule [compound.name]? Select only one from the [OPTIONS]. Do not write any comments.,Smoky,Phenolic,Leathery
1855,Isovaleric acid,CC(C)CC(=O)O,Cheesy|Balsamic|Fruity|Acidic,primary_descriptor,What is the primary odor descriptor of molecule [SMILES]? Select only one from the [OPTIONS]. Do not write any comments.,What is the primary odor descriptor of molecule [compound.name]? Select only one from the [OPTIONS]. Do not write any comments.,Acidic,Cheesy,Fruity
465,"Oxacyclohexadec-13-en-2-one, (13E)-",O=C1CCCCCCCCCC/C=C/CCO1,Warm|Musk like|Powdery|Spicy,primary_descriptor,What is the primary odor descriptor of molecule [SMILES]? Select only one from the [OPTIONS]. Do not write any comments.,What is the primary odor descriptor of molecule [compound.name]? Select only one from the [OPTIONS]. Do not write any comments.,Musk like,Warm,Powdery
1700,1-Heptanethiol,CCCCCCCS,Sulfurous|Balsamic|Garlic|Onion,primary_descriptor,What is the primary odor descriptor of molecule [SMILES]? Select only one from the [OPTIONS]. Do not write any comments.,What is the primary odor descriptor of molecule [compound.name]? Select only one from the [OPTIONS]. Do not write any comments.,Sulfurous,Onion,Garlic
439,Isojasmone,,Waxy|Floral|Jasmin|Marine,primary_descriptor,What is the primary odor descriptor of molecule [SMILES]? Select only one from the [OPTIONS]. Do not write any comments.,What is the primary odor descriptor of molecule [compound.name]? Select only one from the [OPTIONS]. Do not write any comments.,Floral,Waxy,Jasmin
523,(Z)-5-(3-Hexenyl)dihydrofuran-2(3H)-one,CC/C=C\CCC1CCC(=O)O1,Buttery|Coconut|Animal like|Fruity,primary_descriptor,What is the primary odor descriptor of molecule [SMILES]? Select only one from the [OPTIONS]. Do not write any comments.,What is the primary odor descriptor of molecule [compound.name]? Select only one from the [OPTIONS]. Do not write any comments.,Fruity,Coconut,Buttery
319,"[1,1'-Bicyclopentyl]-2-yl 2-butenoate",CC=CC(=O)OC1CCCC1C1CCCC1,Peach|Herbal|Fruity|Plum,primary_descriptor,What is the primary odor descriptor of molecule [SMILES]? Select only one from the [OPTIONS]. Do not write any comments.,What is the primary odor descriptor of molecule [compound.name]? Select only one from the [OPTIONS]. Do not write any comments.,Fruity,Plum,Peach
1162,"1H-Indene, 2,3-dihydro-1,1,2,3,3-pentamethyl-",CC1C(C)(C)c2ccccc2C1(C)C,Floral|Earthy|Musk like|Woody,primary_descriptor,What is the primary odor descriptor of molecule [SMILES]? Select only one from the [OPTIONS]. Do not write any comments.,What is the primary odor descriptor of molecule [compound.name]? Select only one from the [OPTIONS]. Do not write any comments.,Musk like,Floral,Woody
900,2-Undecenenitrile,CCCCCCCCC=CC#N,Citrus|Floral|Herbal|Green,primary_descriptor,What is the primary odor descriptor of molecule [SMILES]? Select only one from the [OPTIONS]. Do not write any comments.,What is the primary odor descriptor of molecule [compound.name]? Select only one from the [OPTIONS]. Do not write any comments.,Green,Citrus,Floral
1928,Eucalyptol,,Woody|Minty|Camphoraceous|Herbal,primary_descriptor,What is the primary odor descriptor of molecule [SMILES]? Select only one from the [OPTIONS]. Do not write any comments.,What is the primary odor descriptor of molecule [compound.name]? Select only one from the [OPTIONS]. Do not write any comments.,Herbal,Camphoraceous,Minty
911,"1,7,7-Trimethylbicyclo[4.4.0]dec-3-yl  acetate",CC(=O)OC1CCC2C(C)(C)CCCC2(C)C1,Acidic|Powdery|Woody|Amber,primary_descriptor,What is the primary odor descriptor of molecule [SMILES]? Select only one from the [OPTIONS]. Do not write any comments.,What is the primary odor descriptor of molecule [compound.name]? Select only one from the [OPTIONS]. Do not write any comments.,Woody,Amber,Powdery
735,alpha-Bisabolene,,Floral|Ozonic|Balsamic|Soft,primary_descriptor,What is the primary odor descriptor of molecule [SMILES]? Select only one from the [OPTIONS]. Do not write any comments.,What is the primary odor descriptor of molecule [compound.name]? Select only one from the [OPTIONS]. Do not write any comments.,Floral,Soft,Balsamic
183,Vetiverol,,Food Like|Grapefruit|Vetiver|Woody,primary_descriptor,What is the primary odor descriptor of molecule [SMILES]? Select only one from the [OPTIONS]. Do not write any comments.,What is the primary odor descriptor of molecule [compound.name]? Select only one from the [OPTIONS]. Do not write any comments.,Woody,Vetiver,Grapefruit
591,Isononyl propionate,CCC(=O)OCCCCCCC(C)C,Lavender|Herbal|Green|Floral,primary_descriptor,What is the primary odor descriptor of molecule [SMILES]? Select only one from the [OPTIONS]. Do not write any comments.,What is the primary odor descriptor of molecule [compound.name]? Select only one from the [OPTIONS]. Do not write any comments.,Floral,Lavender,Herbal
1064,Phenethyl isobutyrate,CC(C)C(=O)OCCc1ccccc1,Anisic|Fruity|Honey|Floral,primary_descriptor,What is the primary odor descriptor of molecule [SMILES]? Select only one from the [OPTIONS]. Do not write any comments.,What is the primary odor descriptor of molecule [compound.name]? Select only one from the [OPTIONS]. Do not write any comments.,Fruity,Honey,Floral
1442,Decyl acetate,CCCCCCCCCCOC(C)=O,Ozonic|Fruity|Floral|Apple,primary_descriptor,What is the primary odor descriptor of molecule [SMILES]? Select only one from the [OPTIONS]. Do not write any comments.,What is the primary odor descriptor of molecule [compound.name]? Select only one from the [OPTIONS]. Do not write any comments.,Fruity,Floral,Apple
198,"(E)-2,6,10-Trimethylundeca-5,9-dienol",CC(C)=CCC/C(C)=C/CCC(C)CO,Acidic|Waxy|Aldehydic|Floral,primary_descriptor,What is the primary odor descriptor of molecule [SMILES]? Select only one from the [OPTIONS]. Do not write any comments.,What is the primary odor descriptor of molecule [compound.name]? Select only one from the [OPTIONS]. Do not write any comments.,Aldehydic,Waxy,Floral
164,"3,6-Dimethyl-3-octanyl acetate",CCC(C)CCC(C)(CC)OC(C)=O,Sweet|Floral|Fruity|Balsamic,primary_descriptor,What is the primary odor descriptor of molecule [SMILES]? Select only one from the [OPTIONS]. Do not write any comments.,What is the primary odor descriptor of molecule [compound.name]? Select only one from the [OPTIONS]. Do not write any comments.,Floral,Sweet,Fruity
307,"6-(3Z)-3-hexen-1-yltetrahydro-2H-Pyran-2-one,",,Peach|Jasmin|Fruity|Amber,primary_descriptor,What is the primary odor descriptor of molecule [SMILES]? Select only one from the [OPTIONS]. Do not write any comments.,What is the primary odor descriptor of molecule [compound.name]? Select only one from the [OPTIONS]. Do not write any comments.,Fruity,Peach,Jasmin
851,2-sec-Butylcyclohexanone,CCC(C)C1CCCCC1=O,Camphoraceous|Aldehydic|Minty|Herbal,primary_descriptor,What is the primary odor descriptor of molecule [SMILES]? Select only one from the [OPTIONS]. Do not write any comments.,What is the primary odor descriptor of molecule [compound.name]? Select only one from the [OPTIONS]. Do not write any comments.,Herbal,Minty,Camphoraceous
963,Butyl butyryllactate,CCCCOC(=O)C(C)(O)C(=O)CCC,Fruity|Ozonic|Milky|Gourmand,primary_descriptor,What is the primary odor descriptor of molecule [SMILES]? Select only one from the [OPTIONS]. Do not write any comments.,What is the primary odor descriptor of molecule [compound.name]? Select only one from the [OPTIONS]. Do not write any comments.,Gourmand,Fruity,Milky
313,Isobutyl 3-(2-furan)propionate,,Pineapple|Fruity|Honey|Pear,primary_descriptor,What is the primary odor descriptor of molecule [SMILES]? Select only one from the [OPTIONS]. Do not write any comments.,What is the primary odor descriptor of molecule [compound.name]? Select only one from the [OPTIONS]. Do not write any comments.,Fruity,Pineapple,Pear
1434,gamma-Dodecalactone,,Herbal|Oily|Peach|Fruity,primary_descriptor,What is the primary odor descriptor of molecule [SMILES]? Select only one from the [OPTIONS]. Do not write any comments.,What is the primary odor descriptor of molecule [compound.name]? Select only one from the [OPTIONS]. Do not write any comments.,Fruity,Oily,Peach
1373,Cinnamyl formate,O=COCC=Cc1ccccc1,Balsamic|Fruity|Spicy|Marine,primary_descriptor,What is the primary odor descriptor of molecule [SMILES]? Select only one from the [OPTIONS]. Do not write any comments.,What is the primary odor descriptor of molecule [compound.name]? Select only one from the [OPTIONS]. Do not write any comments.,Balsamic,Spicy,Fruity
416,"Trideca-1,5-lactone",,Creamy|Sulfurous|Sweet|Gourmand,primary_descriptor,What is the primary odor descriptor of molecule [SMILES]? Select only one from the [OPTIONS]. Do not write any comments.,What is the primary odor descriptor of molecule [compound.name]? Select only one from the [OPTIONS]. Do not write any comments.,Gourmand,Creamy,Sweet
122,3-Ethylhexahydro-2(3H)-benzofuranone,CCC1C(=O)OC2CCCCC21,Warm|Hay|Tobacco like|Honey,primary_descriptor,What is the primary odor descriptor of molecule [SMILES]? Select only one from the [OPTIONS]. Do not write any comments.,What is the primary odor descriptor of molecule [compound.name]? Select only one from the [OPTIONS]. Do not write any comments.,Tobacco like,Hay,Warm
247,Neryl isobutyrate,CC(C)=CCC/C(C)=C\COC(=O)C(C)C,Sweet|Berry|Balsamic|Fruity,primary_descriptor,What is the primary odor descriptor of molecule [SMILES]? Select only one from the [OPTIONS]. Do not write any comments.,What is the primary odor descriptor of molecule [compound.name]? Select only one from the [OPTIONS]. Do not write any comments.,Fruity,Sweet,Berry
1244,4-tert-Butylcyclohexyl acetate,CC(=O)OC1CCC(C(C)(C)C)CC1,Woody|Herbal|Apple|Fruity,primary_descriptor,What is the primary odor descriptor of molecule [SMILES]? Select only one from the [OPTIONS]. Do not write any comments.,What is the primary odor descriptor of molecule [compound.name]? Select only one from the [OPTIONS]. Do not write any comments.,Fruity,Apple,Woody
336,1-Methoxyhexane-3-thiol,CCCC(S)CCOC,Green|Tobacco like|Herbal|Citrus,primary_descriptor,What is the primary odor descriptor of molecule [SMILES]? Select only one from the [OPTIONS]. Do not write any comments.,What is the primary odor descriptor of molecule [compound.name]? Select only one from the [OPTIONS]. Do not write any comments.,Herbal,Green,Citrus
377,"Cyclohexanone, 2-ethyl-4,4-dimethyl-",CCC1CC(C)(C)CCC1=O,Fresh|Minty|Lavender|Herbal,primary_descriptor,What is the primary odor descriptor of molecule [SMILES]? Select only one from the [OPTIONS]. Do not write any comments.,What is the primary odor descriptor of molecule [compound.name]? Select only one from the [OPTIONS]. Do not write any comments.,Herbal,Lavender,Fresh
1978,"(2Z)-1-(2,6,6-trimethyl-1,3-cyclohexadien-1-yl)-2-Buten-1-one,",,Rose|Sulfurous|Floral|Plum,primary_descriptor,What is the primary odor descriptor of molecule [SMILES]? Select only one from the [OPTIONS]. Do not write any comments.,What is the primary odor descriptor of molecule [compound.name]? Select only one from the [OPTIONS]. Do not write any comments.,Floral,Rose,Plum
1318,Citronellal,CC(C)=CCCC(C)CC=O,Herbal|Tobacco like|Lemon|Citrus,primary_descriptor,What is the primary odor descriptor of molecule [SMILES]? Select only one from the [OPTIONS]. Do not write any comments.,What is the primary odor descriptor of molecule [compound.name]? Select only one from the [OPTIONS]. Do not write any comments.,Citrus,Lemon,Herbal
1301,Allyl decanoate,C=CCOC(=O)CCCCCCCCC,Balsamic|Pineapple|Sweet|Fruity,primary_descriptor,What is the primary odor descriptor of molecule [SMILES]? Select only one from the [OPTIONS]. Do not write any comments.,What is the primary odor descriptor of molecule [compound.name]? Select only one from the [OPTIONS]. Do not write any comments.,Fruity,Sweet,Pineapple
853,2-Nonyn-1-al dimethylacetal,CCCCCCC#CC(OC)OC,Floral|Green|Powdery|Violet,primary_descriptor,What is the primary odor descriptor of molecule [SMILES]? Select only one from the [OPTIONS]. Do not write any comments.,What is the primary odor descriptor of molecule [compound.name]? Select only one from the [OPTIONS]. Do not write any comments.,Green,Floral,Violet
1137,Citronellyl formate,CC(C)=CCCC(C)CCOC=O,Rose|Citrus|Gourmand|Fruity,primary_descriptor,What is the primary odor descriptor of molecule [SMILES]? Select only one from the [OPTIONS]. Do not write any comments.,What is the primary odor descriptor of molecule [compound.name]? Select only one from the [OPTIONS]. Do not write any comments.,Fruity,Rose,Citrus
1362,Cyclohexyl butyrate,CCCC(=O)OC1CCCCC1,Apple|Pineapple|Smoky|Fruity,primary_descriptor,What is the primary odor descriptor of molecule [SMILES]? Select only one from the [OPTIONS]. Do not write any comments.,What is the primary odor descriptor of molecule [compound.name]? Select only one from the [OPTIONS]. Do not write any comments.,Fruity,Apple,Pineapple
955,Citronellyl propionate,CCC(=O)OCCC(C)CCC=C(C)C,Floral|Marine|Rose|Fruity,primary_descriptor,What is the primary odor descriptor of molecule [SMILES]? Select only one from the [OPTIONS]. Do not write any comments.,What is the primary odor descriptor of molecule [compound.name]? Select only one from the [OPTIONS]. Do not write any comments.,Floral,Rose,Fruity
1404,2-Hydroxyethyl phenoxyacetate,O=C(COc1ccccc1)OCCO,Marine|Floral|Green|Rose,primary_descriptor,What is the primary odor descriptor of molecule [SMILES]? Select only one from the [OPTIONS]. Do not write any comments.,What is the primary odor descriptor of molecule [compound.name]? Select only one from the [OPTIONS]. Do not write any comments.,Floral,Green,Rose
1367,Dimethyl succinate,COC(=O)CCC(=O)OC,Floral|Fruity|Sweet|Honey,primary_descriptor,What is the primary odor descriptor of molecule [SMILES]? Select only one from the [OPTIONS]. Do not write any comments.,What is the primary odor descriptor of molecule [compound.name]? Select only one from the [OPTIONS]. Do not write any comments.,Fruity,Sweet,Floral
584,"Ethyl 2,4-dimethyldioxolane-2-acetate",CCOC(=O)CC1(C)OCC(C)O1,Fruity|Strawberry|Apple|Balsamic,primary_descriptor,What is the primary odor descriptor of molecule [SMILES]? Select only one from the [OPTIONS]. Do not write any comments.,What is the primary odor descriptor of molecule [compound.name]? Select only one from the [OPTIONS]. Do not write any comments.,Fruity,Strawberry,Apple
610,Vanillyl ethyl ether,CCOCc1ccc(O)c(OC)c1,Gourmand|Earthy|Chocolate|Sweet,primary_descriptor,What is the primary odor descriptor of molecule [SMILES]? Select only one from the [OPTIONS]. Do not write any comments.,What is the primary odor descriptor of molecule [compound.name]? Select only one from the [OPTIONS]. Do not write any comments.,Gourmand,Sweet,Chocolate
941,Amyl octanoate,CCCCCCCC(=O)OCCCCC,Fruity|Herbal|Green|Pineapple,primary_descriptor,What is the primary odor descriptor of molecule [SMILES]? Select only one from the [OPTIONS]. Do not write any comments.,What is the primary odor descriptor of molecule [compound.name]? Select only one from the [OPTIONS]. Do not write any comments.,Fruity,Pineapple,Green
770,Cedrol methyl ether,,Tobacco like|Woody|Dry|Amber,primary_descriptor,What is the primary odor descriptor of molecule [SMILES]? Select only one from the [OPTIONS]. Do not write any comments.,What is the primary odor descriptor of molecule [compound.name]? Select only one from the [OPTIONS]. Do not write any comments.,Woody,Dry,Amber
420,"cis-2-Methyl-4-propyl-1,3-oxathiane",CCC[C@H]1CCO[C@@H](C)S1,Spicy|Fruity|Green|Citrus,primary_descriptor,What is the primary odor descriptor of molecule [SMILES]? Select only one from the [OPTIONS]. Do not write any comments.,What is the primary odor descriptor of molecule [compound.name]? Select only one from the [OPTIONS]. Do not write any comments.,Fruity,Citrus,Green
570,"p-(2,2-Dimethoxyethyl)toluene",COC(Cc1ccc(C)cc1)OC,Aldehydic|Floral|Fruity|Green,primary_descriptor,What is the primary odor descriptor of molecule [SMILES]? Select only one from the [OPTIONS]. Do not write any comments.,What is the primary odor descriptor of molecule [compound.name]? Select only one from the [OPTIONS]. Do not write any comments.,Green,Floral,Aldehydic
1911,Isoborneol,,Pine|Camphoraceous|Herbal|Fresh,primary_descriptor,What is the primary odor descriptor of molecule [SMILES]? Select only one from the [OPTIONS]. Do not write any comments.,What is the primary odor descriptor of molecule [compound.name]? Select only one from the [OPTIONS]. Do not write any comments.,Herbal,Fresh,Pine
1121,Trimethyloxazole,Cc1nc(C)c(C)o1,Acidic|Nutty|Food Like|Savoury,primary_descriptor,What is the primary odor descriptor of molecule [SMILES]? Select only one from the [OPTIONS]. Do not write any comments.,What is the primary odor descriptor of molecule [compound.name]? Select only one from the [OPTIONS]. Do not write any comments.,Food Like,Nutty,Savoury
909,2-Octen-4-one,CC=CC(=O)CCCC,Fruity|Balsamic|Tropical-Fruit|Sweet,primary_descriptor,What is the primary odor descriptor of molecule [SMILES]? Select only one from the [OPTIONS]. Do not write any comments.,What is the primary odor descriptor of molecule [compound.name]? Select only one from the [OPTIONS]. Do not write any comments.,Fruity,Sweet,Tropical-Fruit
402,"Phenylacetaldehyde 2,4-dihydroxy-2-methylpentane acetal",,Hyacinth|Gourmand|Floral|Green,primary_descriptor,What is the primary odor descriptor of molecule [SMILES]? Select only one from the [OPTIONS]. Do not write any comments.,What is the primary odor descriptor of molecule [compound.name]? Select only one from the [OPTIONS]. Do not write any comments.,Floral,Hyacinth,Green
113,"11-Tridecen-6-one, 8,12-dimethyl-",CCCCCC(=O)CC(C)CCC=C(C)C,Green|Aromatic|Citrus|Floral,primary_descriptor,What is the primary odor descriptor of molecule [SMILES]? Select only one from the [OPTIONS]. Do not write any comments.,What is the primary odor descriptor of molecule [compound.name]? Select only one from the [OPTIONS]. Do not write any comments.,Green,Floral,Citrus
1883,Amyl valerate,CCCCCOC(=O)CCCC,Banana|Pear|Citrus|Fruity,primary_descriptor,What is the primary odor descriptor of molecule [SMILES]? Select only one from the [OPTIONS]. Do not write any comments.,What is the primary odor descriptor of molecule [compound.name]? Select only one from the [OPTIONS]. Do not write any comments.,Fruity,Banana,Pear
537,8-Nonenal,C=CCCCCCCC=O,Aldehydic|Marine|Floral|Green,primary_descriptor,What is the primary odor descriptor of molecule [SMILES]? Select only one from the [OPTIONS]. Do not write any comments.,What is the primary odor descriptor of molecule [compound.name]? Select only one from the [OPTIONS]. Do not write any comments.,Green,Aldehydic,Floral
1280,"Nerolidyl acetate (S,Z)",,Sweet|Ozonic|Citrus|Floral,primary_descriptor,What is the primary odor descriptor of molecule [SMILES]? Select only one from the [OPTIONS]. Do not write any comments.,What is the primary odor descriptor of molecule [compound.name]? Select only one from the [OPTIONS]. Do not write any comments.,Floral,Sweet,Citrus
1841,2-Methylbutanol,CCC(C)CO,Fruity|Fresh|Musk like|Green,primary_descriptor,What is the primary odor descriptor of molecule [SMILES]? Select only one from the [OPTIONS]. Do not write any comments.,What is the primary odor descriptor of molecule [compound.name]? Select only one from the [OPTIONS]. Do not write any comments.,Fruity,Fresh,Green
473,"Benzoic acid, 2-[[[3-(4-hydroxy-4-methylpentyl)-3-cyclohexen-1-
yl]methylene]amino],methyl ester",,Neroli|Musk like|Sweet|Floral,primary_descriptor,What is the primary odor descriptor of molecule [SMILES]? Select only one from the [OPTIONS]. Do not write any comments.,What is the primary odor descriptor of molecule [compound.name]? Select only one from the [OPTIONS]. Do not write any comments.,Floral,Sweet,Neroli
621,"1,3-Dimethyl-3-butenyl salicylate",C=C(C)CC(C)OC(=O)c1ccccc1O,Floral|Ylang|Green|Fruity,primary_descriptor,What is the primary odor descriptor of molecule [SMILES]? Select only one from the [OPTIONS]. Do not write any comments.,What is the primary odor descriptor of molecule [compound.name]? Select only one from the [OPTIONS]. Do not write any comments.,Floral,Ylang,Green
551,"Cyclohexanol,4-(3-methylbutyl)-",,Sulfurous|Floral|Rose|Citrus,primary_descriptor,What is the primary odor descriptor of molecule [SMILES]? Select only one from the [OPTIONS]. Do not write any comments.,What is the primary odor descriptor of molecule [compound.name]? Select only one from the [OPTIONS]. Do not write any comments.,Floral,Rose,Citrus
132,"Cyclohexanecarboxylic acid, 3-methyl, methyl ester, (1R,3S)-rel-",,Acidic|Fruity|Green|Raspberry,primary_descriptor,What is the primary odor descriptor of molecule [SMILES]? Select only one from the [OPTIONS]. Do not write any comments.,What is the primary odor descriptor of molecule [compound.name]? Select only one from the [OPTIONS]. Do not write any comments.,Fruity,Raspberry,Green
188,S-1-Methylethyl 3-methylbut-2-enethioate,CC(C)=CC(=O)SC(C)C,Green|Leafy|Gourmand|Herbal,primary_descriptor,What is the primary odor descriptor of molecule [SMILES]? Select only one from the [OPTIONS]. Do not write any comments.,What is the primary odor descriptor of molecule [compound.name]? Select only one from the [OPTIONS]. Do not write any comments.,Green,Herbal,Leafy
1014,Isophytol,,Floral|Jasmin|Marine|Fresh,primary_descriptor,What is the primary odor descriptor of molecule [SMILES]? Select only one from the [OPTIONS]. Do not write any comments.,What is the primary odor descriptor of molecule [compound.name]? Select only one from the [OPTIONS]. Do not write any comments.,Floral,Jasmin,Fresh
152,Methyl  2-[(2-methylundecylidene)amino]benzoate,CCCCCCCCCC(C)C=Nc1ccccc1C(=O)OC,Neroli|Green|Spicy|Floral,primary_descriptor,What is the primary odor descriptor of molecule [SMILES]? Select only one from the [OPTIONS]. Do not write any comments.,What is the primary odor descriptor of molecule [compound.name]? Select only one from the [OPTIONS]. Do not write any comments.,Floral,Neroli,Green
1975,"(2.alpha.,4a.alpha.,8.beta.)-Hexahydro-1,1,5,5-tetramethyl-2H-2,4a-
methanonaphthalene-8(5H)-one",,Citrus|Patchouli|Earthy|Woody,primary_descriptor,What is the primary odor descriptor of molecule [SMILES]? Select only one from the [OPTIONS]. Do not write any comments.,What is the primary odor descriptor of molecule [compound.name]? Select only one from the [OPTIONS]. Do not write any comments.,Woody,Patchouli,Earthy
1980,(S)-Butan-2-ol,CC[C@H](C)O,Fruity|Floral|Sweet|Fermented,primary_descriptor,What is the primary odor descriptor of molecule [SMILES]? Select only one from the [OPTIONS]. Do not write any comments.,What is the primary odor descriptor of molecule [compound.name]? Select only one from the [OPTIONS]. Do not write any comments.,Fruity,Sweet,Fermented
456,"2-(1-(3',3'-Dimethyl-1'-cyclohexyl)ethoxy)-2-methyl propyl propanoate",,Smoky|Fruity|Musk like|Pear,primary_descriptor,What is the primary odor descriptor of molecule [SMILES]? Select only one from the [OPTIONS]. Do not write any comments.,What is the primary odor descriptor of molecule [compound.name]? Select only one from the [OPTIONS]. Do not write any comments.,Musk like,Fruity,Pear
185,Rhodinyl formate,,Floral|Musk like|Fruity|Citrus,primary_descriptor,What is the primary odor descriptor of molecule [SMILES]? Select only one from the [OPTIONS]. Do not write any comments.,What is the primary odor descriptor of molecule [compound.name]? Select only one from the [OPTIONS]. Do not write any comments.,Floral,Citrus,Fruity
876,2-Methoxy-3-(1-methylpropyl)pyrazine,CCC(C)c1nccnc1OC,Pea|Floral|Green|Galbanum,primary_descriptor,What is the primary odor descriptor of molecule [SMILES]? Select only one from the [OPTIONS]. Do not write any comments.,What is the primary odor descriptor of molecule [compound.name]? Select only one from the [OPTIONS]. Do not write any comments.,Green,Galbanum,Pea
1247,Isodecyl acetate,CC(=O)OCCCCCCCC(C)C,Citrus|Green|Acidic|Herbal,primary_descriptor,What is the primary odor descriptor of molecule [SMILES]? Select only one from the [OPTIONS]. Do not write any comments.,What is the primary odor descriptor of molecule [compound.name]? Select only one from the [OPTIONS]. Do not write any comments.,Herbal,Citrus,Green
130,Rhodinyl phenylacetate,,Honey|Musk like|Floral|Rose,primary_descriptor,What is the primary odor descriptor of molecule [SMILES]? Select only one from the [OPTIONS]. Do not write any comments.,What is the primary odor descriptor of molecule [compound.name]? Select only one from the [OPTIONS]. Do not write any comments.,Floral,Rose,Honey
310,"a2H-1,5-Benzodioxepin-3(4H)-one,7-7-(3-methylbutyl)-",,Anisic|Fresh|Marine|Citrus,primary_descriptor,What is the primary odor descriptor of molecule [SMILES]? Select only one from the [OPTIONS]. Do not write any comments.,What is the primary odor descriptor of molecule [compound.name]? Select only one from the [OPTIONS]. Do not write any comments.,Marine,Fresh,Citrus
199,1-[5(Or  6)-Methyl-7(or  8)-(1-methylethyl)bicyclo[2.2.2]oct-5-en-2-yl]ethan-1-one,,Balsamic|Herbal|Woody|Spicy,primary_descriptor,What is the primary odor descriptor of molecule [SMILES]? Select only one from the [OPTIONS]. Do not write any comments.,What is the primary odor descriptor of molecule [compound.name]? Select only one from the [OPTIONS]. Do not write any comments.,Woody,Spicy,Balsamic
638,2-Hexylidenecyclohexan-1-one,CCCCCC=C1CCCCC1=O,Floral|Camphoraceous|Green|Muguet,primary_descriptor,What is the primary odor descriptor of molecule [SMILES]? Select only one from the [OPTIONS]. Do not write any comments.,What is the primary odor descriptor of molecule [compound.name]? Select only one from the [OPTIONS]. Do not write any comments.,Green,Floral,Muguet
311,(Z)-4-Dodecenal,CCCCCCC/C=C\CCC=O,Aldehydic|Citrus|Clean|Anisic,primary_descriptor,What is the primary odor descriptor of molecule [SMILES]? Select only one from the [OPTIONS]. Do not write any comments.,What is the primary odor descriptor of molecule [compound.name]? Select only one from the [OPTIONS]. Do not write any comments.,Citrus,Aldehydic,Clean
1119,"3,5,5-Trimethylhexyl acetate",CC(=O)OCCC(C)CC(C)(C)C,Aldehydic|Green|Herbal|Citrus,primary_descriptor,What is the primary odor descriptor of molecule [SMILES]? Select only one from the [OPTIONS]. Do not write any comments.,What is the primary odor descriptor of molecule [compound.name]? Select only one from the [OPTIONS]. Do not write any comments.,Citrus,Green,Herbal
1311,Methyl trans-2-octenoate,CCCCC/C=C/C(=O)OC,Green|Fruity|Smoky|Pear,primary_descriptor,What is the primary odor descriptor of molecule [SMILES]? Select only one from the [OPTIONS]. Do not write any comments.,What is the primary odor descriptor of molecule [compound.name]? Select only one from the [OPTIONS]. Do not write any comments.,Green,Fruity,Pear
1822,Cinnamic acid,O=C(O)C=Cc1ccccc1,Amber|Sweet|Balsamic|Cinnamon,primary_descriptor,What is the primary odor descriptor of molecule [SMILES]? Select only one from the [OPTIONS]. Do not write any comments.,What is the primary odor descriptor of molecule [compound.name]? Select only one from the [OPTIONS]. Do not write any comments.,Balsamic,Sweet,Cinnamon
503,cis-3-Hexenyl hexanoate,CC/C=C\CCOC(=O)CCCCC,Fresh|Animal like|Fruity|Green,primary_descriptor,What is the primary odor descriptor of molecule [SMILES]? Select only one from the [OPTIONS]. Do not write any comments.,What is the primary odor descriptor of molecule [compound.name]? Select only one from the [OPTIONS]. Do not write any comments.,Fruity,Green,Fresh
215,3-(Hydroxymethyl)-2-octanone,CCCCCC(CO)C(C)=O,Lavender|Herbal|Amber|Sweet,primary_descriptor,What is the primary odor descriptor of molecule [SMILES]? Select only one from the [OPTIONS]. Do not write any comments.,What is the primary odor descriptor of molecule [compound.name]? Select only one from the [OPTIONS]. Do not write any comments.,Herbal,Sweet,Lavender
552,3-Methyl-2-butenyl salicylate,CC(C)=CCOC(=O)c1ccccc1O,Green|Herbal|Acidic|Floral,primary_descriptor,What is the primary odor descriptor of molecule [SMILES]? Select only one from the [OPTIONS]. Do not write any comments.,What is the primary odor descriptor of molecule [compound.name]? Select only one from the [OPTIONS]. Do not write any comments.,Floral,Herbal,Green
747,"Ethyl 2-ethyl-6,6-dimethylcyclohex-2-ene-1-carboxylate",CCOC(=O)C1C(CC)=CCCC1(C)C,Floral|Food Like|Fruity|Spicy,primary_descriptor,What is the primary odor descriptor of molecule [SMILES]? Select only one from the [OPTIONS]. Do not write any comments.,What is the primary odor descriptor of molecule [compound.name]? Select only one from the [OPTIONS]. Do not write any comments.,Floral,Spicy,Fruity
1320,1-(2-Benzofuranyl)ethanone,CC(=O)c1cc2ccccc2o1,Floral|Hay|Anisic|Powdery,primary_descriptor,What is the primary odor descriptor of molecule [SMILES]? Select only one from the [OPTIONS]. Do not write any comments.,What is the primary odor descriptor of molecule [compound.name]? Select only one from the [OPTIONS]. Do not write any comments.,Powdery,Floral,Hay
1477,3-Methylpentanoic acid,CCC(C)CC(=O)O,Acidic|Sharp|Cheesy|Gourmand,primary_descriptor,What is the primary odor descriptor of molecule [SMILES]? Select only one from the [OPTIONS]. Do not write any comments.,What is the primary odor descriptor of molecule [compound.name]? Select only one from the [OPTIONS]. Do not write any comments.,Acidic,Sharp,Cheesy
212,"3-Pentanone, 1-(2,6,6-trimethyl-2-cyclohexen-1-yl)-, reaction products with 2-propyn-1
ol",,Animal like|Woody|Amber|Leathery,primary_descriptor,What is the primary odor descriptor of molecule [SMILES]? Select only one from the [OPTIONS]. Do not write any comments.,What is the primary odor descriptor of molecule [compound.name]? Select only one from the [OPTIONS]. Do not write any comments.,Animal like,Amber,Leathery
575,2-Methylpentyl 2-methylvalerate,CCCC(C)COC(=O)C(C)CCC,Animal like|Pear|Green|Fruity,primary_descriptor,What is the primary odor descriptor of molecule [SMILES]? Select only one from the [OPTIONS]. Do not write any comments.,What is the primary odor descriptor of molecule [compound.name]? Select only one from the [OPTIONS]. Do not write any comments.,Fruity,Green,Pear
1055,Lavandulyl acetate,,Citrus|Herbal|Sulfurous|Bergamot,primary_descriptor,What is the primary odor descriptor of molecule [SMILES]? Select only one from the [OPTIONS]. Do not write any comments.,What is the primary odor descriptor of molecule [compound.name]? Select only one from the [OPTIONS]. Do not write any comments.,Citrus,Bergamot,Herbal
661,"Bicyclo[2.2.1]heptane, 2-ethoxy-1,3,3-trimethyl-",CCOC1C2(C)CCC(C2)C1(C)C,Woody|Pine|Food Like|Aromatic,primary_descriptor,What is the primary odor descriptor of molecule [SMILES]? Select only one from the [OPTIONS]. Do not write any comments.,What is the primary odor descriptor of molecule [compound.name]? Select only one from the [OPTIONS]. Do not write any comments.,Aromatic,Pine,Woody
1810,1-(para-Menthen-6-yl)-1-propanone,CCC(=O)C1C=C(C(C)C)CCC1C,Green|Herbal|Ozonic|Leafy,primary_descriptor,What is the primary odor descriptor of molecule [SMILES]? Select only one from the [OPTIONS]. Do not write any comments.,What is the primary odor descriptor of molecule [compound.name]? Select only one from the [OPTIONS]. Do not write any comments.,Green,Leafy,Herbal
1110,2-(3-Phenylpropyl)pyridine,c1ccc(CCCc2ccccn2)cc1,Fresh|Citrus|Green|Spicy,primary_descriptor,What is the primary odor descriptor of molecule [SMILES]? Select only one from the [OPTIONS]. Do not write any comments.,What is the primary odor descriptor of molecule [compound.name]? Select only one from the [OPTIONS]. Do not write any comments.,Spicy,Fresh,Green
154,cis-alpha-Santalol,,Woody|Sandalwood|Dry|Aromatic,primary_descriptor,What is the primary odor descriptor of molecule [SMILES]? Select only one from the [OPTIONS]. Do not write any comments.,What is the primary odor descriptor of molecule [compound.name]? Select only one from the [OPTIONS]. Do not write any comments.,Woody,Sandalwood,Dry
433,Tetrahydro-4-methyl-2-phenyl-2H-pyran,CC1CCOC(c2ccccc2)C1,Floral|Rose|Green|Aromatic,primary_descriptor,What is the primary odor descriptor of molecule [SMILES]? Select only one from the [OPTIONS]. Do not write any comments.,What is the primary odor descriptor of molecule [compound.name]? Select only one from the [OPTIONS]. Do not write any comments.,Floral,Rose,Green
105,"3-Ethyl-2,6-dimethylpyrazine",CCc1ncc(C)nc1C,Peanut|Nutty|Food Like|Floral,primary_descriptor,What is the primary odor descriptor of molecule [SMILES]? Select only one from the [OPTIONS]. Do not write any comments.,What is the primary odor descriptor of molecule [compound.name]? Select only one from the [OPTIONS]. Do not write any comments.,Food Like,Peanut,Nutty
577,Benzyl trans-2-methyl-2-butenoate,,Floral|Mushroom|Balsamic|Earthy,primary_descriptor,What is the primary odor descriptor of molecule [SMILES]? Select only one from the [OPTIONS]. Do not write any comments.,What is the primary odor descriptor of molecule [compound.name]? Select only one from the [OPTIONS]. Do not write any comments.,Earthy,Mushroom,Balsamic
794,3-(Methylthio)hexyl acetate,CCCC(CCOC(C)=O)SC,Onion|Garlic|Herbal|Sulfurous,primary_descriptor,What is the primary odor descriptor of molecule [SMILES]? Select only one from the [OPTIONS]. Do not write any comments.,What is the primary odor descriptor of molecule [compound.name]? Select only one from the [OPTIONS]. Do not write any comments.,Sulfurous,Garlic,Onion
588,Isoeugenyl phenylacetate,CC=Cc1ccc(OC(=O)Cc2ccccc2)c(OC)c1,Spicy|Herbal|Aromatic|Tobacco like,primary_descriptor,What is the primary odor descriptor of molecule [SMILES]? Select only one from the [OPTIONS]. Do not write any comments.,What is the primary odor descriptor of molecule [compound.name]? Select only one from the [OPTIONS]. Do not write any comments.,Herbal,Aromatic,Spicy
1618,"Terpineol, dihydro-",,Camphoraceous|Herbal|Citrus|Pine,primary_descriptor,What is the primary odor descriptor of molecule [SMILES]? Select only one from the [OPTIONS]. Do not write any comments.,What is the primary odor descriptor of molecule [compound.name]? Select only one from the [OPTIONS]. Do not write any comments.,Herbal,Pine,Citrus
1903,l-Menthol,,Minty|Woody|Fresh|Cooling,primary_descriptor,What is the primary odor descriptor of molecule [SMILES]? Select only one from the [OPTIONS]. Do not write any comments.,What is the primary odor descriptor of molecule [compound.name]? Select only one from the [OPTIONS]. Do not write any comments.,Minty,Fresh,Cooling
1108,Phenethyl phenylacetate,O=C(Cc1ccccc1)OCCc1ccccc1,Rose|Aldehydic|Floral|Balsamic,primary_descriptor,What is the primary odor descriptor of molecule [SMILES]? Select only one from the [OPTIONS]. Do not write any comments.,What is the primary odor descriptor of molecule [compound.name]? Select only one from the [OPTIONS]. Do not write any comments.,Floral,Rose,Balsamic
151,"l-Menthyl (R,S)-3-hydroxybutyrate",,Fresh|Marine|Minty|Cooling,primary_descriptor,What is the primary odor descriptor of molecule [SMILES]? Select only one from the [OPTIONS]. Do not write any comments.,What is the primary odor descriptor of molecule [compound.name]? Select only one from the [OPTIONS]. Do not write any comments.,Minty,Cooling,Fresh
614,"(Z)-3,4,5,6,6-Pentamethylhept-3-en-2-one",CC(=O)/C(C)=C(/C)C(C)C(C)(C)C,Cedarwood|Citrus|Violet|Woody,primary_descriptor,What is the primary odor descriptor of molecule [SMILES]? Select only one from the [OPTIONS]. Do not write any comments.,What is the primary odor descriptor of molecule [compound.name]? Select only one from the [OPTIONS]. Do not write any comments.,Woody,Violet,Cedarwood
648,"2,4-Dimethylcyclohex-3-ene-1-methanol",CC1=CC(C)C(CO)CC1,Floral|Smoky|Fresh|Green,primary_descriptor,What is the primary odor descriptor of molecule [SMILES]? Select only one from the [OPTIONS]. Do not write any comments.,What is the primary odor descriptor of molecule [compound.name]? Select only one from the [OPTIONS]. Do not write any comments.,Floral,Fresh,Green
381,Dimethylcyclohex-3-ene-1-carbaldehyde (isomer unspecified),,Green|Citrus|Grassy|Herbal,primary_descriptor,What is the primary odor descriptor of molecule [SMILES]? Select only one from the [OPTIONS]. Do not write any comments.,What is the primary odor descriptor of molecule [compound.name]? Select only one from the [OPTIONS]. Do not write any comments.,Green,Grassy,Citrus
707,2-trans-6-trans-Octadienal,,Green|Animal like|Citrus|Aldehydic,primary_descriptor,What is the primary odor descriptor of molecule [SMILES]? Select only one from the [OPTIONS]. Do not write any comments.,What is the primary odor descriptor of molecule [compound.name]? Select only one from the [OPTIONS]. Do not write any comments.,Aldehydic,Citrus,Green
237,"Benzoic acid, 2-hydroxy-, (3Z)-1-methyl-3-hexen-1-yl ester",CC/C=C\CC(C)OC(=O)c1ccccc1O,Muguet|Floral|Acidic|Green,primary_descriptor,What is the primary odor descriptor of molecule [SMILES]? Select only one from the [OPTIONS]. Do not write any comments.,What is the primary odor descriptor of molecule [compound.name]? Select only one from the [OPTIONS]. Do not write any comments.,Floral,Green,Muguet
768,"2,4-Decadien-1-ol",CCCCCC=CC=CCO,Green|Earthy|Citrus|Fresh,primary_descriptor,What is the primary odor descriptor of molecule [SMILES]? Select only one from the [OPTIONS]. Do not write any comments.,What is the primary odor descriptor of molecule [compound.name]? Select only one from the [OPTIONS]. Do not write any comments.,Citrus,Fresh,Green
261,(Z)-1-(1-Methoxypropoxy)hex-3-ene,CC/C=C\CCOC(CC)OC,Camphoraceous|Green|Fresh|Fruity,primary_descriptor,What is the primary odor descriptor of molecule [SMILES]? Select only one from the [OPTIONS]. Do not write any comments.,What is the primary odor descriptor of molecule [compound.name]? Select only one from the [OPTIONS]. Do not write any comments.,Green,Fresh,Fruity
957,"1,5,9-Trimethylcyclododeca-1,5,9-triene epoxide",,Amber|Woody|Spicy|Cedarwood,primary_descriptor,What is the primary odor descriptor of molecule [SMILES]? Select only one from the [OPTIONS]. Do not write any comments.,What is the primary odor descriptor of molecule [compound.name]? Select only one from the [OPTIONS]. Do not write any comments.,Woody,Amber,Cedarwood
370,1-Phenyl-3-methyl-3-pentyl acetate,CCC(C)(CCc1ccccc1)OC(C)=O,Green|Tobacco like|Hyacinth|Floral,primary_descriptor,What is the primary odor descriptor of molecule [SMILES]? Select only one from the [OPTIONS]. Do not write any comments.,What is the primary odor descriptor of molecule [compound.name]? Select only one from the [OPTIONS]. Do not write any comments.,Floral,Green,Hyacinth
1187,3-Hexenal,CCC=CCC=O,Floral|Fruity|Green|Smoky,primary_descriptor,What is the primary odor descriptor of molecule [SMILES]? Select only one from the [OPTIONS]. Do not write any comments.,What is the primary odor descriptor of molecule [compound.name]? Select only one from the [OPTIONS]. Do not write any comments.,Green,Fruity,Floral
1475,Hexyl butyrate,CCCCCCOC(=O)CCC,Green|Ozonic|Pineapple|Fruity,primary_descriptor,What is the primary odor descriptor of molecule [SMILES]? Select only one from the [OPTIONS]. Do not write any comments.,What is the primary odor descriptor of molecule [compound.name]? Select only one from the [OPTIONS]. Do not write any comments.,Fruity,Green,Pineapple
326,6-Ethyl-3-methyloct-6-en-1-ol,CC=C(CC)CCC(C)CCO,Spicy|Floral|Green|Muguet,primary_descriptor,What is the primary odor descriptor of molecule [SMILES]? Select only one from the [OPTIONS]. Do not write any comments.,What is the primary odor descriptor of molecule [compound.name]? Select only one from the [OPTIONS]. Do not write any comments.,Floral,Muguet,Green
404,2-Methylbutyl 3-methylbutanoate,CCC(C)COC(=O)CC(C)C,Apple|Fruity|Pear|Powdery,primary_descriptor,What is the primary odor descriptor of molecule [SMILES]? Select only one from the [OPTIONS]. Do not write any comments.,What is the primary odor descriptor of molecule [compound.name]? Select only one from the [OPTIONS]. Do not write any comments.,Fruity,Apple,Pear
233,"1,3-Cyclohexadiene-1-carboxylic acid, 4,6,6-trimethyl-, ethyl ester",CCOC(=O)C1=CC=C(C)CC1(C)C,Spicy|Saffron|Herbal|Balsamic,primary_descriptor,What is the primary odor descriptor of molecule [SMILES]? Select only one from the [OPTIONS]. Do not write any comments.,What is the primary odor descriptor of molecule [compound.name]? Select only one from the [OPTIONS]. Do not write any comments.,Herbal,Spicy,Saffron
1865,Bornyl acetate,CC(=O)OC1CC2CCC1(C)C2(C)C,Powdery|Pine|Woody|Fruity,primary_descriptor,What is the primary odor descriptor of molecule [SMILES]? Select only one from the [OPTIONS]. Do not write any comments.,What is the primary odor descriptor of molecule [compound.name]? Select only one from the [OPTIONS]. Do not write any comments.,Woody,Pine,Fruity
1399,Ethyl isobutyrate,CCOC(=O)C(C)C,Sweet|Fruity|Apple|Balsamic,primary_descriptor,What is the primary odor descriptor of molecule [SMILES]? Select only one from the [OPTIONS]. Do not write any comments.,What is the primary odor descriptor of molecule [compound.name]? Select only one from the [OPTIONS]. Do not write any comments.,Fruity,Sweet,Apple
580,Ethyl 2-hexylacetoacetate,CCCCCCC(C(C)=O)C(=O)OCC,Jasmin|Green|Floral|Aromatic,primary_descriptor,What is the primary odor descriptor of molecule [SMILES]? Select only one from the [OPTIONS]. Do not write any comments.,What is the primary odor descriptor of molecule [compound.name]? Select only one from the [OPTIONS]. Do not write any comments.,Floral,Jasmin,Green
1077,2-Methylundecanoic acid,CCCCCCCCCC(C)C(=O)O,Creamy|Waxy|Fruity|Herbal,primary_descriptor,What is the primary odor descriptor of molecule [SMILES]? Select only one from the [OPTIONS]. Do not write any comments.,What is the primary odor descriptor of molecule [compound.name]? Select only one from the [OPTIONS]. Do not write any comments.,Fruity,Waxy,Creamy
111,"1-Nonanol, 2,4,6,8-tetramethyl-,acetate",,Green|Floral|Fruity|Ozonic,primary_descriptor,What is the primary odor descriptor of molecule [SMILES]? Select only one from the [OPTIONS]. Do not write any comments.,What is the primary odor descriptor of molecule [compound.name]? Select only one from the [OPTIONS]. Do not write any comments.,Floral,Fruity,Green
